PROVINCIA;MUNICIPIO;ESTACION;MAGNITUD;PUNTO_MUESTREO;ANNO;MES;D01;D02;D03;D04;D05;D06;D07;D08;D09;D10;D11;D12;D13;D14;D15;D16;D17;D18;D19;D20;D21;D22;D23;D24;D25;D26;D27;D28;D29;D30;D31
12;135;4;27;12135004_27_M;2013;1;;;;;;;;;;;;;;;;;;;0.09;;;;;;;;;;;;
12;135;4;27;12135004_27_M;2013;2;;;;;;;;;;;;;;;;;;;;;0.11;;;;;;;;;;
12;135;4;27;12135004_27_M;2013;3;;;;;;;;;;;;;;;;;;;;0.12;;;;;;;;;;;
12;135;4;27;12135004_27_M;2013;4;;;;;;;;;;;;;;;;0.04;;;;;;;;;;;;;;;
12;135;4;27;12135004_27_M;2013;6;;;;;;;;;0.04;;;;;;;;;;;;;;;;;;;;;;
12;135;4;27;12135004_27_M;2013;7;;;;;;0.04;;;;;;;;;;;;;;;;;;;;;;;;;
12;135;4;27;12135004_27_M;2013;8;;;;;;;;;0.04;;;;;;;;;;;;;;;;;;;;;;
12;135;4;27;12135004_27_M;2013;9;;;;;0.04;;;;;;;;;;;;;;;;;;;;;;;;;;
12;135;4;27;12135004_27_M;2013;10;;0.04;;;;;;;;;;;;;;;;;;;;;;;;;;;0.04;;
12;135;4;27;12135004_27_M;2013;11;;;;;;;;;;;;;;;;;;;;;;;;;0.35;;;;;;
12;135;4;27;12135004_27_M;2013;12;;;;;;;;;;;;;;;;;;;;;;0.37;;;;;;;;;
12;124;1;27;12124001_27_M;2013;1;;;;;;;;;;;;;;;;;;;0.13;;;;;;;;;;;;
12;124;1;27;12124001_27_M;2013;2;;;;;;;;;;;;;;;;;;;;;0.26;;;;;;;;;;
46;250;43;27;46250043_27_M;2013;2;;;;;;;;;;;;;;;;;;;;;0.07;;;;;;;;;;
46;250;43;27;46250043_27_M;2013;3;;;;;;;;;;;;;;;;;;;;0.15;;;;;;;;;;;
46;250;43;27;46250043_27_M;2013;4;;;;;;;;;;;;;;;;0.04;;;;;;;;;;;;;;;
46;250;43;27;46250043_27_M;2013;7;;;;;;0.04;;;;;;;;;;;;;;;;;;;;;;;;;
46;250;43;27;46250043_27_M;2013;9;;;;;0.04;;;;;;;;;;;;;;;;;;;;;;;;;;
46;250;43;27;46250043_27_M;2013;11;;;;;;;;;;;;;;;;;;;;;;;;;0.35;;;;;;
46;250;43;27;46250043_27_M;2013;12;;;;;;;;;;;;;;;;;;;;;;0.17;;;;;;;;;
12;124;1;27;12124001_27_M;2013;3;;;;;;;;;;;;;;;;;;;;0.07;;;;;;;;;;;
12;124;1;27;12124001_27_M;2013;4;;;;;;;;;;;;;;;;0.04;;;;;;;;;;;;;;;
12;124;1;27;12124001_27_M;2013;6;;;;;;;;;0.04;;;;;;;;;;;;;;;;;;;;;;
12;124;1;27;12124001_27_M;2013;7;;;;;;0.04;;;;;;;;;;;;;;;;;;;;;;;;;
12;124;1;27;12124001_27_M;2013;9;;;;;0.1;;;;;;;;;;;;;;;;;;;;;;;;;;
12;124;1;27;12124001_27_M;2013;10;;0.12;;;;;;;;;;;;;;;;;;;;;;;;;;;0.04;;
12;124;1;27;12124001_27_M;2013;11;;;;;;;;;;;;;;;;;;;;;;;;;0.35;;;;;;
12;124;1;27;12124001_27_M;2013;12;;;;;;;;;;;;;;;;;;;;;;0.67;;;;;;;;;
46;250;50;27;46250050_27_M;2013;2;;;;;;;;;;;;;;;;;;;;;0.09;;;;;;;;;;
46;250;50;27;46250050_27_M;2013;3;;;;;;;;;;;;;;;;;;;;0.08;;;;;;;;;;;
46;250;50;27;46250050_27_M;2013;4;;;;;;;;;;;;;;;;0.04;;;;;;;;;;;;;;;
46;250;50;27;46250050_27_M;2013;8;;;;;;;;;0.04;;;;;;;;;;;;;;;;;;;;;;
46;250;50;27;46250050_27_M;2013;10;;;;;;;;;;;;;;;;;;;;;;;;;;;;;0.04;;
46;250;50;27;46250050_27_M;2013;11;;;;;;;;;;;;;;;;;;;;;;;;;0.61;;;;;;
46;250;50;27;46250050_27_M;2013;12;;;;;;;;;;;;;;;;;;;;;;0.28;;;;;;;;;
3;133;2;27;03133002_27_M;2013;3;;;;;;;;;;;;;;;;;;;;0.09;;;;;;;;;;;
3;133;2;27;03133002_27_M;2013;4;;;;;;;;;;;;;;0.04;;;;;;;;;;;;;;;;;
3;133;2;27;03133002_27_M;2013;6;;;;;;;0.04;;;;;;;;;;;;;;;;;;;;;;;;
3;133;2;27;03133002_27_M;2013;1;;;;;;;;;;;;;;;;;;;0.04;;;;;;;;;;;;
3;122;5;27;03122005_27_M;2013;1;;;;;;;;;;;;;;;;;;;0.11;;;;;;;;;;;;
3;122;5;27;03122005_27_M;2013;3;;;;;;;;;;;;;;;;;;;;0.04;;;;;;;;;;;
3;122;5;27;03122005_27_M;2013;4;;;;;;;;;;;;;;;;0.04;;;;;;;;;;;;;;;
3;122;5;27;03122005_27_M;2013;6;;;;;;;;;0.04;;;;;;;;;;;;;;;;;;;;;;
3;122;5;27;03122005_27_M;2013;7;;;;;;0.04;;;0.0;;;;;;;;;;;;;;;;;;;;;;
3;122;5;27;03122005_27_M;2013;8;;;;;;;;;0.04;;;;;;;;;;;;;;;;;;;;;;
3;122;5;27;03122005_27_M;2013;9;;;;;0.04;;;;;;;;;;;;;;;;;;;;;;;;;;
3;122;5;27;03122005_27_M;2013;10;;0.04;;;;;;;;;;;;;;;;;;;;;;;;;;;0.04;;
3;122;5;27;03122005_27_M;2013;11;;;;;;;;;;;;;;;;;;;;;;;;;0.2;;;;;;
12;99;1;27;12099001_27_M;2013;11;;;;;;;;;;;;;;;;;;;;;;;;;0.04;;;;;;
12;99;1;27;12099001_27_M;2013;12;;;;;;;;;;;;;;;;;;;;;;0.04;;;;;;;;;
12;99;1;27;12099001_27_M;2013;2;;;;;;;;;;;;;;;;;;;;;0.04;;;;;;;;;;
12;99;1;27;12099001_27_M;2013;3;;;;;;;;;;;;;;;;;;;;0.04;;;;;;;;;;;
12;99;1;27;12099001_27_M;2013;4;;;;;;;;;;;;;;;;0.04;;;;;;;;;;;;;;;
12;99;1;27;12099001_27_M;2013;6;;;;;;;;;0.04;;;;;;;;;;;;;;;;;;;;;;
12;99;1;27;12099001_27_M;2013;7;;;;;;0.04;;;;;;;;;;;;;;;;;;;;;;;;;
12;99;1;27;12099001_27_M;2013;10;;0.04;;;;;;;;;;;;;;;;;;;;;;;;;;;0.04;;
46;220;9;27;46220009_27_M;2013;1;;;;;;;;;;;;;;;;;;;0.18;;;;;;;;;;;;
46;220;9;27;46220009_27_M;2013;2;;;;;;;;;;;;;;;;;;;;;0.08;;;;;;;;;;
46;220;9;27;46220009_27_M;2013;3;;;;;;;;;;;;;;;;;;;;0.08;;;;;;;;;;;
46;220;9;27;46220009_27_M;2013;4;;;;;;;;;;;;;;;;0.04;;;;;;;;;;;;;;;
46;220;9;27;46220009_27_M;2013;6;;;;;;;;;0.04;;;;;;;;;;;;;;;;;;;;;;
46;220;9;27;46220009_27_M;2013;7;;;;;;0.04;;;;;;;;;;;;;;;;;;;;;;;;;
46;220;9;27;46220009_27_M;2013;8;;;;;;;;;0.04;;;;;;;;;;;;;;;;;;;;;;
46;220;9;27;46220009_27_M;2013;9;;;;;0.04;;;;;;;;;;;;;;;;;;;;;;;;;;
46;220;9;27;46220009_27_M;2013;10;;0.04;;;;;;;;;;;;;;;;;;;;;;;;;;;0.04;;
46;220;9;27;46220009_27_M;2013;11;;;;;;;;;;;;;;;;;;;;;;;;;0.04;;;;;;
46;220;9;27;46220009_27_M;2013;12;;;;;;;;;;;;;;;;;;;;;;0.18;;;;;;;;;
46;190;5;27;46190005_27_M;2013;1;;;;;;;;;;;;;;;;;;;0.04;;;;;;;;;;;;
46;190;5;27;46190005_27_M;2013;2;;;;;;;;;;;;;;;;;;;;;0.04;;;;;;;;;;
46;190;5;27;46190005_27_M;2013;3;;;;;;;;;;;;;;;;;;;;0.08;;;;;;;;;;;
46;190;5;27;46190005_27_M;2013;6;;;;;;;;;0.04;;;;;;;;;;;;;;;;;;;;;;
46;190;5;27;46190005_27_M;2013;7;;;;;;0.04;;;;;;;;;;;;;;;;;;;;;;;;;
46;190;5;27;46190005_27_M;2013;9;;;;;0.09;;;;;;;;;;;;;;;;;;;;;;;;;;
46;190;5;27;46190005_27_M;2013;10;;0.04;;;;;;;;;;;;;;;;;;;;;;;;;;;0.04;;
46;190;5;27;46190005_27_M;2013;11;;;;;;;;;;;;;;;;;;;;;;;;;0.26;;;;;;
46;190;5;27;46190005_27_M;2013;12;;;;;;;;;;;;;;;;;;;;;;0.25;;;;;;;;;
12;84;3;27;12084003_27_M;2013;1;;;;;;;;;;;;;;;;;;;0.13;;;;;;;;;;;;
12;84;3;27;12084003_27_M;2013;2;;;;;;;;;;;;;;;;;;;;;0.09;;;;;;;;;;
12;84;3;27;12084003_27_M;2013;3;;;;;;;;;;;;;;;;;;;;0.04;;;;;;;;;;;
12;84;3;27;12084003_27_M;2013;4;;;;;;;;;;;;;;;;0.04;;;;;;;;;;;;;;;
12;84;3;27;12084003_27_M;2013;6;;;;;;;;0.35;;;;;;;;;;;;;;;;;;;;;;;
12;84;3;27;12084003_27_M;2013;7;;;;;;0.04;;;;;;;;;;;;;;;;;;;;;;;;;
12;84;3;27;12084003_27_M;2013;8;;;;;;;;;0.04;;;;;;;;;;;;;;;;;;;;;;
12;84;3;27;12084003_27_M;2013;9;;;;;0.04;;;;;;;;;;;;;;;;;;;;;;;;;;
12;84;3;27;12084003_27_M;2013;10;;;;;;;;;;;;;;;;;;;;;;;;;;;;;0.04;;
12;84;3;27;12084003_27_M;2013;11;;;;;;;;;;;;;;;;;;;;;;;;;0.11;;;;;;
12;84;3;27;12084003_27_M;2013;12;;;;;;;;;;;;;;;;;;;;;;0.14;;;;;;;;;
12;80;7;27;12080007_27_M;2013;1;;;;;;;;;;;;;;;;;;;0.04;;;;;;;;;;;;
12;80;7;27;12080007_27_M;2013;2;;;;;;;;;;;;;;;;;;;;;0.04;;;;;;;;;;
12;80;7;27;12080007_27_M;2013;3;;;;;;;;;;;;;;;;;;;;0.04;;;;;;;;;;;
12;80;7;27;12080007_27_M;2013;4;;;;;;;;;;;;;;;;0.04;;;;;;;;;;;;;;;
12;80;7;27;12080007_27_M;2013;6;;;;;;;;;0.04;;;;;;;;;;;;;;;;;;;;;;
12;80;7;27;12080007_27_M;2013;8;;;;;;;;;0.04;;;;;;;;;;;;;;;;;;;;;;
12;80;7;27;12080007_27_M;2013;9;;;;;0.04;;;;;;;;;;;;;;;;;;;;;;;;;;
12;80;7;27;12080007_27_M;2013;10;;0.04;;;;;;;;;;;;;;;;;;;;;;;;;;;0.04;;
12;80;7;27;12080007_27_M;2013;11;;;;;;;;;;;;;;;;;;;;;;;;;0.04;;;;;;
12;80;7;27;12080007_27_M;2013;12;;;;;;;;;;;;;;;;;;;;;;0.04;;;;;;;;;
12;5;4;27;12005004_27_M;2013;1;;;;;;;;;;;;;;;;;;;0.18;;;;;;;;;;;;
12;5;4;27;12005004_27_M;2013;2;;;;;;;;;;;;;;;;;;;;;0.1;;;;;;;;;;
12;5;4;27;12005004_27_M;2013;4;;;;;;;;;;;;;;;;0.04;;;;;;;;;;;;;;;
12;5;4;27;12005004_27_M;2013;6;;;;;;;;;0.04;;;;;;;;;;;;;;;;;;;;;;
12;5;4;27;12005004_27_M;2013;7;;;;;;0.04;;;;;;;;;;;;;;;;;;;;;;;;;
12;5;4;27;12005004_27_M;2013;8;;;;;;;;;0.04;;;;;;;;;;;;;;;;;;;;;;
12;5;4;27;12005004_27_M;2013;9;;0.04;;;0.04;;;;;;;;;;;;;;;;;;;;;;;;;;
12;5;4;27;12005004_27_M;2013;10;;;;;;;;;;;;;;;;;;;;;;;;;;;;;0.04;;
12;5;4;27;12005004_27_M;2013;11;;;;;;;;;;;;;;;;;;;;;;;;;0.24;;;;;;
12;5;4;27;12005004_27_M;2013;12;;;;;;;;;;;;;;;;;;;;;;0.21;;;;;;;;;
12;126;3;27;12126003_27_M;2013;9;;;;;;0.04;;;;;;;;;;;;;;;;;;;;;;;;;
3;65;7;27;03065007_27_M;2013;11;;;;;;;;;;;;;;;;;;;;;;;;;0.14;;;;;;
3;65;7;27;03065007_27_M;2013;12;;;;;;;;;;;;;;;;;;;;;;0.16;;;;;;;;;
3;65;7;27;03065007_27_M;2013;7;;;;;;0.04;;;;;;;;;;;;;;;;;;;;;;;;;
3;65;7;27;03065007_27_M;2013;8;;;;;;;;;0.04;;;;;;;;;;;;;;;;;;;;;;
3;65;7;27;03065007_27_M;2013;9;;;;;0.04;;;;;;;;;;;;;;;;;;;;;;;;;;
3;65;7;27;03065007_27_M;2013;10;;0.04;;;;;;;;;;;;;;;;;;;;;;;;;;;0.04;;
3;65;7;27;03065007_27_M;2013;1;;;;;;;;;;;;;;;;;;;0.11;;;;;;;;;;;;
3;65;7;27;03065007_27_M;2013;3;;;;;;;;;;;;;;;;;;;;0.04;;;;;;;;;;;
3;65;6;27;03065006_27_M;2013;1;;;;;;;;;;;;;;;;;;;0.12;;;;;;;;;;;;
3;65;6;27;03065006_27_M;2013;3;;;;;;;;;;;;;;;;;;;;0.04;;;;;;;;;;;
3;65;6;27;03065006_27_M;2013;4;;;;;;;;;;;;;;;;0.04;;;;;;;;;;;;;;;
3;65;6;27;03065006_27_M;2013;6;;;;;;;;;0.04;;;;;;;;;;;;;;;;;;;;;;
3;65;6;27;03065006_27_M;2013;7;;;;;;0.04;;;;;;;;;;;;;;;;;;;;;;;;;
3;65;6;27;03065006_27_M;2013;8;;;;;;;;;0.04;;;;;;;;;;;;;;;;;;;;;;
3;65;6;27;03065006_27_M;2013;9;;;;;0.04;;;;;;;;;;;;;;;;;;;;;;;;;;
3;65;6;27;03065006_27_M;2013;10;;0.04;;;;;;;;;;;;;;;;;;;;;;;;;;;0.04;;
3;65;6;27;03065006_27_M;2013;11;;;;;;;;;;;;;;;;;;;;;;;;;0.14;;;;;;
3;65;6;27;03065006_27_M;2013;12;;;;;;;;;;;;;;;;;;;;;;0.18;;;;;;;;;
3;105;1;27;03105001_27_M;2013;7;;;;;;0.04;;;;;;;;;;;;;;;;;;;;;;;;;
3;105;1;27;03105001_27_M;2013;8;;;;;;;;;0.04;;;;;;;;;;;;;;;;;;;;;;
3;105;1;27;03105001_27_M;2013;9;;;;;0.04;;;;;;;;;;;;;;;;;;;;;;;;;;
3;105;1;27;03105001_27_M;2013;10;;0.04;;;;;;;;;;;;;;;;;;;;;;;;;;;0.04;;
3;105;1;27;03105001_27_M;2013;11;;;;;;;;;;;;;;;;;;;;;;;;;0.04;;;;;;
3;105;1;27;03105001_27_M;2013;1;;;;;;;;;;;;;;;;;;;0.04;;;;;;;;;;;;
3;105;1;27;03105001_27_M;2013;3;;;;;;;;;;;;;;;;;;;;0.04;;;;;;;;;;;
3;105;1;27;03105001_27_M;2013;4;;;;;;;;;;;;;;;;0.04;;;;;;;;;;;;;;;
12;46;1;27;12046001_27_M;2013;2;;;;;;;;;;;;0.04;;;;;;;;;;;;;;;;;;;
12;46;1;27;12046001_27_M;2013;3;;;;;;;;;;;;;;;;;;;;;0.04;;;;;;;;;;
12;46;1;27;12046001_27_M;2013;6;;;;;0.04;;;;;;;;;;;;;;;;;;;;;;;;;;
12;40;15;27;12040015_27_M;2013;1;;;;;;;;;;;;;;;;;;;0.07;;;;;;;;;;;;
12;40;15;27;12040015_27_M;2013;2;;;;;;;;;;;;;;;;;;;;;0.13;;;;;;;;;;
12;40;15;27;12040015_27_M;2013;3;;;;;;;;;;;;;;;;;;;;0.04;;;;;;;;;;;
12;40;15;27;12040015_27_M;2013;4;;;;;;;;;;;;;;;;0.04;;;;;;;;;;;;;;;
12;40;15;27;12040015_27_M;2013;7;;;;;;0.04;;;;;;;;;;;;;;;;;;;;;;;;;
12;40;15;27;12040015_27_M;2013;8;;;;;;;;;0.04;;;;;;;;;;;;;;;;;;;;;;
12;40;15;27;12040015_27_M;2013;9;;;;;0.04;;;;;;;;;;;;;;;;;;;;;;;;;;
12;40;15;27;12040015_27_M;2013;10;;0.11;;;;;;;;;;;;;;;;;;;;;;;;;;;0.04;;
12;40;15;27;12040015_27_M;2013;11;;;;;;;;;;;;;;;;;;;;;;;;;0.04;;;;;;
12;40;15;27;12040015_27_M;2013;12;;;;;;;;;;;;;;;;;;;;;;0.24;;;;;;;;;
12;32;5;27;12032005_27_M;2013;4;;;;;;;;;;;;;;;;0.04;;;;;;;;;;;;;;;
12;32;5;27;12032005_27_M;2013;6;;;;;;;;;0.04;;;;;;;;;;;;;;;;;;;;;;
12;32;5;27;12032005_27_M;2013;7;;;;;;0.04;;;;;;;;;;;;;;;;;;;;;;;;;
12;32;5;27;12032005_27_M;2013;8;;;;;;;;;0.04;;;;;;;;;;;;;;;;;;;;;;
12;32;5;27;12032005_27_M;2013;10;;0.04;;;;;;;;;;;;;;;;;;;;;;;;;;;0.04;;
12;32;5;27;12032005_27_M;2013;11;;;;;;;;;;;;;;;;;;;;;;;;;0.02;;;;;;
12;32;5;27;12032005_27_M;2013;1;;;;;;;;;;;;;;;;;;;0.07;;;;;;;;;;;;
12;32;5;27;12032005_27_M;2013;2;;;;;;;;;;;;;;;;;;;;;0.09;;;;;;;;;;
12;32;5;27;12032005_27_M;2013;12;;;;;;;;;;;;;;;;;;;;;;0.12;;;;;;;;;
46;78;4;27;46078004_27_M;2013;1;;;;;;;;;;;;;;;;;;;0.15;;;;;;;;;;;;
46;78;4;27;46078004_27_M;2013;2;;;;;;;;;;;;;;;;;;;;;0.17;;;;;;;;;;
46;78;4;27;46078004_27_M;2013;3;;;;;;;;;;;;;;;;;;;;0.13;;;;;;;;;;;
46;78;4;27;46078004_27_M;2013;4;;;;;;;;;;;;;;;;0.04;;;;;;;;;;;;;;;
46;78;4;27;46078004_27_M;2013;6;;;;;;;;;0.04;;;;;;;;;;;;;;;;;;;;;;
46;78;4;27;46078004_27_M;2013;7;;;;0.04;;;;;;;;;;;;;;;;;;;;;;;;;;;
46;78;4;27;46078004_27_M;2013;8;;;;;;;;;0.04;;;;;;;;;;;;;;;;;;;;;;
46;78;4;27;46078004_27_M;2013;9;;;;;0.04;;;;;;;;;;;;;;;;;;;;;;;;;;
46;78;4;27;46078004_27_M;2013;10;;;;;;;;;;;;;;;;;;;;;;;;;;;;;0.04;;
46;78;4;27;46078004_27_M;2013;11;;;;;;;;;;;;;;;;;;;;;;;;;0.25;;;;;;
46;78;4;27;46078004_27_M;2013;12;;;;;;;;;;;;;;;;;;;;;;0.19;;;;;;;;;
46;17;2;27;46017002_27_M;2013;10;;;;;;;;;;;;;;;;;;;;;;;;;;;;;0.04;;
46;17;2;27;46017002_27_M;2013;11;;;;;;;;;;;;;;;;;;;;;;;;;0.53;;;;;;
46;17;2;27;46017002_27_M;2013;12;;;;;;;;;;;;;;;;;;;;;;0.24;;;;;;;;;
46;17;2;27;46017002_27_M;2013;1;;;;;;;;;;;;;;;;;;;0.09;;;;;;;;;;;;
46;17;2;27;46017002_27_M;2013;2;;;;;;;;;;;;;;;;;;;;;0.08;;;;;;;;;;
46;17;2;27;46017002_27_M;2013;3;;;;;;;;;;;;;;;;;;;;0.1;;;;;;;;;;;
46;17;2;27;46017002_27_M;2013;4;;;;;;;;;;;;;;;;0.12;;;;;;;;;;;;;;;
46;17;2;27;46017002_27_M;2013;6;;;;;;;;;0.04;;;;;;;;;;;;;;;;;;;;;;
46;17;2;27;46017002_27_M;2013;7;;;;;;0.04;;;;;;;;;;;;;;;;;;;;;;;;;
46;17;2;27;46017002_27_M;2013;8;;;;;;;;;0.04;;;;;;;;;;;;;;;;;;;;;;
3;14;6;27;03014006_27_M;2013;1;;;;;;;;;;;;;;;;;;;0.04;;;;;;;;;;;;
3;14;6;27;03014006_27_M;2013;3;;;;;;;;;;;;;;;;;;;;0.04;;;;;;;;;;;
3;14;6;27;03014006_27_M;2013;4;;;;;;;;;;;;;;;;0.04;;;;;;;;;;;;;;;
3;14;6;27;03014006_27_M;2013;6;;;;;;;;;0.04;;;;;;;;;;;;;;;;;;;;;;
3;14;6;27;03014006_27_M;2013;7;;;;;;0.04;;;0.0;;;;;;;;;;;;;;;;;;;;;;
3;14;6;27;03014006_27_M;2013;9;;;;;0.04;;;;;;;;;;;;;;;;;;;;;;;;;;
3;14;6;27;03014006_27_M;2013;10;;0.04;;;;;;;;;;;;;;;;;;;;;;;;;;;0.04;;
3;14;6;27;03014006_27_M;2013;11;;;;;;;;;;;;;;;;;;;;;;;;;0.11;;;;;;
3;14;6;27;03014006_27_M;2013;12;;;;;;;;;;;;;;;;;;;;;;0.21;;;;;;;;;
3;9;6;27;03009006_27_M;2013;1;;;;;;;;;;;;;;;;;;;0.04;;;;;;;;;;;;
3;9;6;27;03009006_27_M;2013;3;;;;;;;;;;;;;;;;;;;;0.04;;;;;;;;;;;
3;9;6;27;03009006_27_M;2013;7;;;;;;0.04;;;;;;;;;;;;;;;;;;;;;;;;;
3;9;6;27;03009006_27_M;2013;8;;;;;;;;;0.04;;;;;;;;;;;;;;;;;;;;;;
3;9;6;27;03009006_27_M;2013;10;;0.04;;;;;;;;;;;;;;;;;;;;;;;;;;;;;
3;9;6;27;03009006_27_M;2013;11;;;;;;;;;;;;;;;;;;;;;;;;;0.18;;;;;;
3;2;2;27;03002002_27_M;2013;7;;;;;;0.04;;;;;;;;;;;;;;;;;;;;;;;;;
3;2;2;27;03002002_27_M;2013;8;;;;;;;;;0.04;;;;;;;;;;;;;;;;;;;;;;
3;2;2;27;03002002_27_M;2013;9;;;;;0.04;;;;;;;;;;;;;;;;;;;;;;;;;;
3;2;2;27;03002002_27_M;2013;10;;0.04;;;;;;;;;;;;;;;;;;;;;;;;;;;0.04;;
3;2;2;27;03002002_27_M;2013;11;;;;;;;;;;;;;;;;;;;;;;;;;0.08;;;;;;
3;2;2;27;03002002_27_M;2013;1;;;;;;;;;;;;;;;;;;;0.04;;;;;;;;;;;;
3;2;2;27;03002002_27_M;2013;4;;;;;;;;;;;;;;;;0.04;;;;;;;;;;;;;;;
3;2;2;27;03002002_27_M;2013;6;;;;;;;;;0.04;;;;;;;;;;;;;;;;;;;;;;
43;155;8;27;43155008_27_M;2013;2;;;;;;;;0.06;;;0.06;;;;;;;;;;;;0.06;;;0.06;;;;;
43;155;8;27;43155008_27_M;2013;3;;;;;;;0.06;;;;;;;0.06;;;;0.07;;;;;;;;;0.06;;;;
43;155;8;27;43155008_27_M;2013;4;;0.06;;;;;;;;0.07;;;;;;0.06;;;;;;;;;;;0.06;;;0.06;
43;155;8;27;43155008_27_M;2013;5;;;;0.07;;0.06;;;;;;;0.06;;;;;;;;;;;0.06;;;;;;;0.06
43;155;8;27;43155008_27_M;2013;6;;;0.06;;;;;;;;;;;;;;;;0.06;;;;;;;0.06;;;;;
43;155;8;27;43155008_27_M;2013;7;;0.06;;;;;;;;0.06;;;;;;0.06;;;;;;;0.06;;;;;;;0.06;
43;155;8;27;43155008_27_M;2013;8;;0.06;;;0.06;;;;;;;;;;;0.07;;;;0.06;;;;;;;;;0.06;;
25;120;1;27;25120001_27_M;2013;2;;;;0.38;;;;;;;;;;;;;0.97;;;;0.61;;;;;;0.83;;;;
25;120;1;27;25120001_27_M;2013;3;;;;;0.14;;;;;;;;0.24;;;;;;0.26;;;;;;;;;;0.14;;
25;120;1;27;25120001_27_M;2013;4;;0.14;;;;;;;;0.14;;;;;;;;;;0.14;;0.14;;;;;;;;;
25;120;1;27;25120001_27_M;2013;5;;0.14;;;;0.14;;;;;;;;;;0.14;;;;;;;;;;0.14;;;;0.14;
25;120;1;27;25120001_27_M;2013;6;;;0.14;;;;;;;;0.14;;;;;;0.14;;;;;;;;;;0.14;;;;
25;120;1;27;25120001_27_M;2013;7;0.14;;;;;;;;;;0.14;;;;;;0.14;;;;;;;;0.14;;;;;;0.14
25;120;1;27;25120001_27_M;2013;8;;0.15;;;;0.15;;;;;;;;0.14;;;;;;0.14;;;;;;;;0.14;;;
25;120;1;27;25120001_27_M;2013;9;;;;;0.14;;;;;;;;;;;;;;0.14;;;;0.14;;0.14;;;;;;
8;202;1;27;08202001_27_M;2013;8;0.06;;;;0.07;;;;;;;;0.06;;;;;;0.06;0.06;;;;;;;;0.06;;;
8;202;1;27;08202001_27_M;2013;9;;;;;;;;;;;;;;;;;;;;0.06;;;0.06;;0.06;;;;;0.06;
8;202;1;27;08202001_27_M;2013;10;;0.06;;;;;;;0.06;;;;;;;0.06;;;;;0.07;;;;;;;0.07;;;
8;202;1;27;08202001_27_M;2013;11;;;;;;;;0.24;;;;0.84;;;;;;0.06;;;;;;;;;0.36;;;;
8;202;1;27;08202001_27_M;2013;12;;0.97;;;;;;;;;;;2.07;;;2.14;;;;;;;;;;;0.61;;;;
8;282;1;27;08282001_27_M;2013;1;;0.24;;;;;;;0.23;;;;;0.25;;;;;;;;;;;;0.21;;;0.24;;
8;282;1;27;08282001_27_M;2013;2;;;;;;0.14;;;;;;;;0.14;;;;;0.14;;;;;;;0.24;;;;;
8;282;1;27;08282001_27_M;2013;3;;;;0.14;;;;;;;;;;0.14;;;;;;0.14;;;;;;0.14;;;;;
8;282;1;27;08282001_27_M;2013;4;;;0.14;;;;;;0.14;;;;;;;;;0.15;;;;;0.14;;;;;;;;
8;282;1;27;08282001_27_M;2013;5;;;;0.14;;;;;;;0.14;;;0.14;;;;;;;0.14;;;;;;;;;0.15;
8;282;1;27;08282001_27_M;2013;6;;;;0.15;;;;;;;;;0.14;;;;0.14;;;;;;;;;0.14;;;;;
8;282;1;27;08282001_27_M;2013;7;;0.14;;;;;;;0.14;;;;;;;;;0.14;;;;;0.14;;;;;;;;0.14
8;282;1;27;08282001_27_M;2013;8;;;;;0.14;0.14;;;;;;;;;;;;;0.14;;;0.14;;;;0.14;;;;;
8;282;1;27;08282001_27_M;2013;9;;;;;;0.14;;;0.14;;;;;;;;;;;;;;;;;0.14;;;;0.14;
8;282;1;27;08282001_27_M;2013;10;;;;;;;0.14;;;;;;;;;;;;0.14;;0.14;;;;;;;;0.22;;
8;282;1;27;08282001_27_M;2013;11;;;;0.15;;;;;;;;;0.18;;;;;;;0.24;;;;;;0.43;;;;;
8;282;1;27;08282001_27_M;2013;12;;;0.29;;;;;;;;0.31;;;;;;;;;0.46;;;0.23;;;;;;;;0.82
43;155;8;27;43155008_27_M;2013;1;;;0.18;;;;;0.07;;;;;;;;;0.06;;;;;;;;0.11;;;0.07;;;
25;51;1;27;25051001_27_M;2013;3;;0.96;;0.83;;;;;;;;0.14;;;;;;;;;;0.63;;;;;;;;;
25;51;1;27;25051001_27_M;2013;4;0.14;;;;;;;;0.14;;;;;;;;;;0.14;;;;;;;;;;;;
25;51;1;27;25051001_27_M;2013;5;;;;;0.14;;0.14;;;;;;0.14;;;;;;;;;;0.14;;;;;;;;
25;51;1;27;25051001_27_M;2013;6;;0.14;;0.14;;;;;;0.14;;;;;;;;;;0.14;;;;;;;;;;0.14;
25;51;1;27;25051001_27_M;2013;7;;0.14;;;;;;0.14;;;;;;;;;;0.14;;;;0.14;;0.16;;;;;;;
25;51;1;27;25051001_27_M;2013;8;0.14;;;;;;0.14;;;;;;0.14;;;;;;;;0.14;;;;0.14;;;;0.14;;
25;51;1;27;25051001_27_M;2013;9;;;;0.14;;0.13;;;;;;0.14;;;;;;;;0.14;;;;;;0.14;;;;;
25;51;1;27;25051001_27_M;2013;10;;;0.13;;;;;;0.14;;;;;;;;0.14;;;;0.15;;;;;;;;0.23;;
25;51;1;27;25051001_27_M;2013;11;;;;;;0.35;;;;;;;;;;0.29;;0.56;;;;;;;;;;;;0.97;
43;155;8;27;43155008_27_M;2013;9;;;;0.06;;;;;;;;0.07;;;;;0.06;;;;;;0.06;;;;;;;0.06;
43;155;8;27;43155008_27_M;2013;10;;;;;;;;;;0.06;;;;;;0.07;;;;;;;;;0.06;;;;;;0.07
43;155;8;27;43155008_27_M;2013;11;;;;;;;0.06;;;;0.06;;;;;;;;;;;0.06;;;;;;0.29;;;
43;155;8;27;43155008_27_M;2013;12;;;;0.06;;;;;;0.08;;;;;;0.57;;;;;;;;0.18;;;;;;;0.3
8;307;6;27;08307006_27_M;2013;1;;;;;;;;0.3;;;;;;;0.06;;;;;;;0.06;;;;;;;;0.24;
8;307;6;27;08307006_27_M;2013;2;;;;0.18;;;;;;;;0.06;;;;;;;0.18;;;;;;;;0.06;;;;
8;307;6;27;08307006_27_M;2013;3;;;;;;;;;0.06;;;0.06;;;;;;;;;;0.06;;;;0.06;;;;;
8;307;6;27;08307006_27_M;2013;4;;;;;0.06;;;;;;0.06;;;;;;;0.06;;;;;;;0.06;;;;0.06;;
8;307;6;27;08307006_27_M;2013;5;;;;;;;;0.06;;;;;;0.06;;;;;;;;0.06;;;;;;;0.06;;
8;307;6;27;08307006_27_M;2013;6;;;;0.06;;;;;;;;;;;;;0.06;;;;;;;;;;;0.06;;;
8;307;6;27;08307006_27_M;2013;7;0.06;;;;;;;;;;;;0.06;;0.06;;;;;;;;;;;;;;;;0.06
8;307;6;27;08307006_27_M;2013;8;;0.06;;;;;0.06;0.06;;;;;0.06;;;;;;;;;0.06;;;;;;0.06;;;
8;202;1;27;08202001_27_M;2013;6;;;;;;;0.06;;;;;;0.06;;;;;;;;0.06;;;;;0.06;;;;;
8;202;1;27;08202001_27_M;2013;7;;;;0.06;;;;;;;0.06;;;;;;;;0.06;;;;0.06;;;;;;0.06;;
8;307;6;27;08307006_27_M;2013;9;;;0.06;;;;;;;;;;0.06;;;0.12;;;;0.06;;;;;0.06;;;;;0.06;
8;307;6;27;08307006_27_M;2013;10;;;;;;;;;0.06;;;;;;;0.06;;;;;;0.07;;;;;;;;0.06;
8;307;6;27;08307006_27_M;2013;11;;;;;0.06;;;;;;;;;;0.06;;;;0.07;;;;;;0.19;;;;;;
8;307;6;27;08307006_27_M;2013;12;;;;;0.19;;;;;;;;0.26;;;;;0.36;;;;;;0.12;;;;;;;0.06
43;47;1;27;43047001_27_M;2013;10;;;;;;;;0.14;;;;;;;;;;;;0.14;;0.14;;;;;;0.14;;;
43;47;1;27;43047001_27_M;2013;11;;;;;0.14;;;;;;0.14;;;;;;;;0.14;;;;;;;;0.2;;;;
43;47;1;27;43047001_27_M;2013;12;;;0.22;;;;;;0.39;;;;;;;;0.39;;;;;;0.86;;;;;;;;0.55
8;102;5;27;08102005_27_M;2013;1;;;;;;;0.67;;;;;;;;0.2;;;;;;;;;0.29;;;;0.1;;;
8;102;5;27;08102005_27_M;2013;2;;;;0.37;;;;;;;;;;0.31;;;;;;;0.24;;;;;;;;;;
8;102;5;27;08102005_27_M;2013;3;;0.18;;0.06;;;;;;;;0.06;;;;;;0.06;;;;;;;0.06;;;;;;
8;102;5;27;08102005_27_M;2013;4;;0.06;;;;;;;0.06;;;;;;;;;;;0.06;;;;;;0.06;;;0.09;;
8;102;5;27;08102005_27_M;2013;5;;;;;;;;;;0.06;;;0.06;;;;;;;;;;0.06;;;;;0.06;;;
8;102;5;27;08102005_27_M;2013;6;;;;;0.07;;;;;;;;0.06;;;;;;0.06;;;;;;0.06;;;;;;
8;102;5;27;08102005_27_M;2013;7;;;;;0.06;;;;;;;0.06;;;;;0.06;;;;;;;;0.06;;;;;0.06;
8;102;5;27;08102005_27_M;2013;8;;0.06;;;;;;;;;0.06;;;0.06;;;;;;;;;0.06;;;;;;0.06;;
8;102;5;27;08102005_27_M;2013;9;;;;;0.06;;;;;;;;;;0.06;;0.06;;;;;;0.06;;;;;;;;
8;102;5;27;08102005_27_M;2013;10;;0.06;;;;;;;;;;0.06;;;0.06;;;;;;;;;;;;0.06;;;;0.14
8;102;5;27;08102005_27_M;2013;11;;;;;;;4.26;;;;;;0.1;;;;;;;;;;;0.12;;;;0.55;;;
8;102;5;27;08102005_27_M;2013;12;;;;0.43;;;;;;;;0.51;;;;;;;;;;1.16;;;;;1.4;;;;
25;120;1;27;25120001_27_M;2013;1;0.69;;;;;;;;0.97;;;;;;0.14;;;;;;;;0.14;;;;;;;;0.83
8;19;42;27;08019042_27_M;2013;6;0.05;0.05;0.05;;;;;;;;;;;;;;;;;0.05;0.05;0.05;0.08;0.05;0.05;0.07;;0.05;0.05;0.05;
8;19;42;27;08019042_27_M;2013;7;0.05;0.05;;0.07;0.05;0.05;0.05;0.05;0.05;0.05;0.05;0.05;0.05;0.05;0.05;0.05;0.05;0.05;0.05;0.05;0.05;0.05;0.05;0.05;0.05;0.05;0.15;0.18;0.05;0.05;0.05
8;19;42;27;08019042_27_M;2013;8;0.05;0.05;0.05;0.05;0.05;0.05;0.05;;0.05;0.05;0.05;0.05;0.05;0.05;0.05;0.05;0.05;0.05;0.05;0.05;0.05;0.05;0.05;0.05;0.05;0.05;0.05;0.05;0.05;0.05;0.05
8;19;42;27;08019042_27_M;2013;9;0.05;0.05;0.05;0.05;0.05;0.05;0.05;0.05;0.05;0.05;0.05;0.1;0.05;0.05;0.05;0.05;0.05;;0.05;0.05;0.05;0.06;0.05;0.05;0.05;0.05;0.1;0.05;0.05;0.05;
8;19;42;27;08019042_27_M;2013;10;0.05;0.05;0.05;0.07;0.05;0.05;0.05;0.05;0.05;0.05;0.05;0.05;0.05;0.08;0.1;0.06;0.07;0.15;0.05;0.05;0.05;0.05;0.05;0.07;0.05;0.05;0.05;0.1;0.14;0.16;0.16
8;19;42;27;08019042_27_M;2013;11;0.06;0.08;0.07;0.05;0.1;0.17;0.2;0.11;0.07;0.07;0.08;0.15;0.07;0.07;;0.05;0.07;0.08;0.19;0.1;0.06;0.11;0.2;0.4;0.21;0.23;0.19;0.22;0.2;0.24;
8;19;42;27;08019042_27_M;2013;12;0.17;0.19;0.33;0.3;;0.1;0.41;0.22;0.22;0.29;;0.58;0.57;0.42;0.2;0.13;0.15;0.32;0.25;0.43;0.32;0.5;0.25;0.22;0.09;0.05;0.22;0.36;0.14;0.16;0.31
8;19;43;27;08019043_27_M;2013;1;0.23;0.47;0.5;0.36;0.57;0.6;;;0.42;0.71;0.47;0.35;0.34;;;;0.28;0.55;0.1;0.17;;0.22;0.24;0.36;0.21;0.18;0.2;0.24;0.22;0.5;0.48
25;120;1;27;25120001_27_M;2013;10;;;;;0.14;;;;0.18;;;;;;;;;;0.14;;;;;;;;0.15;;;;0.69
25;120;1;27;25120001_27_M;2013;11;;;;;;0.14;;;;;;;;0.14;;;;;;;;;;0.21;;0.56;;;;;
25;120;1;27;25120001_27_M;2013;12;;1.25;;;;;;;;;0.69;;;;;;;;0.26;;;;3.33;;;;;;;;
8;112;3;27;08112003_27_M;2013;1;;;;;;;;;;;6.83;;;;6.43;;;;;;;0.72;;;;;;;;8.21;
8;112;3;27;08112003_27_M;2013;2;;;;5.61;;;;;;;;3.01;;;;;;;;1.8;;;;;;;;0.44;;;
8;112;3;27;08112003_27_M;2013;3;;;;0.27;;;;;;;;;;4.9;;;;;0.45;;;;;;;;;0.14;;;
8;112;3;27;08112003_27_M;2013;4;;;;;0.14;;;0.14;;;;;;;;;0.16;;;;;;;;0.14;;;;;0.14;
8;112;3;27;08112003_27_M;2013;5;;;0.14;;;0.14;;;;;;;;;;;0.14;;;;0.14;;;;;;;;;0.14;
8;112;3;27;08112003_27_M;2013;6;;;1.1;;;;;;;;;0.14;;;;;;;;;0.14;;;;0.14;;;;;;
8;112;3;27;08112003_27_M;2013;7;0.14;;0.14;;0.14;;;;;;;0.14;;;;;;;;;;;0.14;;;;;;0.15;;
8;112;3;27;08112003_27_M;2013;8;;;;;;;;;;;;;;;;;0.15;;0.14;0.14;;;;;;;;;;0.14;
8;112;3;27;08112003_27_M;2013;9;;;;;0.15;;;;;;;;;;;;;0.24;;;;;;0.14;;0.14;;;;;
8;112;3;27;08112003_27_M;2013;10;;;0.14;;;;;;;;;;;;;;;0.33;;;;;;;0.31;;;;;;1.09
8;112;3;27;08112003_27_M;2013;11;;;;;;0.82;;;;;1.1;;;;;;;;;;;1.91;;;4.28;;;;;;
8;112;3;27;08112003_27_M;2013;12;;12.33;;;;;;;;;4.49;;;;;;;;6.87;;;;4.65;;;;;;;15.03;
8;125;12;27;08125012_27_M;2013;1;;1.17;;;;;;;;1.55;;;;;0.8;;;;;;;;0.18;;;;;0.55;;;
8;125;12;27;08125012_27_M;2013;2;;;;;;0.13;;;;;;0.36;;;;;;;;0.61;;;;;0.79;;;;;;
8;125;12;27;08125012_27_M;2013;3;;;;0.06;;;;;;;;;0.64;;;;;;;;;;;;;;0.06;;;;
8;125;12;27;08125012_27_M;2013;4;;;0.06;;;;;;;0.06;;;;;;;;0.07;;;;;0.06;;;;;;;0.06;
8;125;12;27;08125012_27_M;2013;5;;;;;;;;;0.06;;;;;;;0.07;;;;;;;;0.06;;;;;0.07;;
8;125;12;27;08125012_27_M;2013;6;;;;0.06;;;;;;0.07;;;;;;;0.06;;;;;;;;0.06;;;;;;
8;125;12;27;08125012_27_M;2013;7;;;0.06;;;;;;0.06;;;;;;;0.07;;;;;;;;0.06;;;;;;0.06;
8;125;12;27;08125012_27_M;2013;8;;;;;0.06;;;0.06;;;;;0.06;;;;;;0.06;;;;;;;;0.06;;;;
8;125;12;27;08125012_27_M;2013;9;;0.06;;;;;;;0.06;;;;;;;0.06;;;;;;;;;;0.06;;;;;
8;125;12;27;08125012_27_M;2013;10;;;;0.06;;;0.06;;;;;;;0.12;;;;;;;0.06;;;;;;;;;0.3;
8;125;12;27;08125012_27_M;2013;11;;;;0.11;;;;;;;;;0.17;;;;;;;0.18;;;;;;0.5;;;;;
8;125;12;27;08125012_27_M;2013;12;;;;1.47;;;;;;2.42;;;;;;;1.46;;;;;;2.07;;;;;;;0.97;
8;202;1;27;08202001_27_M;2013;1;;1.28;;;;;;2.53;;;;;;1.13;;;;;;;0.89;;;;;;;;;1.47;
8;202;1;27;08202001_27_M;2013;2;;;;0.97;;;;;;;0.79;;;;;;;;;0.91;;;;;;;;0.73;;;
8;202;1;27;08202001_27_M;2013;3;;;;;0.07;;;;;;;;;;;0.28;;0.18;;;;;;;0.06;;;;;;
8;202;1;27;08202001_27_M;2013;4;;;0.06;;;;;0.09;;;;;;;;;0.06;;;;;;;0.06;;;;;;;
8;202;1;27;08202001_27_M;2013;5;;0.06;;;;0.08;;;;;;;;;;0.06;;;;0.06;;;0.06;;;;;0.07;;;
8;19;53;27;08019053_27_M;2013;4;0.05;0.05;0.05;0.05;0.06;0.05;0.05;0.05;0.05;0.05;0.16;0.06;0.05;0.05;0.05;0.08;0.05;0.05;0.05;0.05;0.05;0.05;0.05;0.05;0.05;0.05;0.05;0.05;0.05;0.05;
8;19;53;27;08019053_27_M;2013;5;0.05;0.05;0.05;0.05;0.05;0.05;0.14;0.05;0.05;0.05;0.05;0.05;0.05;0.05;0.05;0.05;0.05;0.05;0.05;0.05;0.05;0.05;0.05;0.05;0.05;0.05;0.05;0.05;0.05;;
8;19;53;27;08019053_27_M;2013;6;;;;0.05;0.05;;0.05;0.05;0.05;0.05;0.05;0.05;0.05;0.05;0.05;0.05;0.05;0.05;0.05;0.22;0.05;0.05;0.05;0.05;0.05;0.05;0.05;0.05;0.05;0.05;
8;19;53;27;08019053_27_M;2013;7;0.05;0.05;0.05;0.11;0.05;0.05;0.05;0.05;0.05;0.05;0.05;0.05;;;0.05;;;;;;;;;;;;;;;;
8;19;53;27;08019053_27_M;2013;8;;;;;0.05;0.05;;0.05;;0.05;;0.05;0.05;;;;0.05;;0.05;0.05;;0.05;;0.05;;0.05;0.05;;0.05;;0.05
8;19;53;27;08019053_27_M;2013;9;;0.05;0.05;;0.05;;0.05;;0.05;;0.05;0.05;;0.05;;0.05;0.05;;0.05;;0.05;;;0.05;0.05;0.05;;0.05;;;
8;19;53;27;08019053_27_M;2013;10;0.05;0.05;0.05;;0.05;;0.05;;0.05;0.05;;;;0.05;0.16;;;;0.07;;0.05;0.05;;0.05;;;;0.06;0.13;0.16;
8;19;53;27;08019053_27_M;2013;11;0.05;;;0.05;0.09;0.19;0.06;;0.05;;0.09;0.1;;0.05;;;;0.06;;0.07;0.06;;0.15;;0.15;;;0.29;;;
8;19;53;27;08019053_27_M;2013;12;;0.27;0.15;;;;;;0.29;0.17;;;;;;;;;;;;;;;;;;0.07;0.13;0.13;0.24
25;51;1;27;25051001_27_M;2013;1;;;;;;;;;1.94;;;;;;0.97;;;;;;;;0.59;;;;;;2.23;;
25;51;1;27;25051001_27_M;2013;2;;;;2.37;;;;;;;;;;1.52;;;;0.68;;;;;;;;;;;;;
8;19;45;27;08019045_27_M;2013;10;0.05;0.05;0.05;0.05;0.05;0.05;0.05;0.05;0.05;0.05;0.05;0.05;0.05;0.2;0.17;0.25;0.22;0.12;0.05;0.05;0.05;0.05;0.05;0.05;0.09;0.05;0.05;0.07;0.21;0.24;0.16
8;19;45;27;08019045_27_M;2013;11;0.06;0.05;0.05;0.05;0.07;0.16;0.17;0.08;0.06;0.07;0.14;0.14;0.06;0.06;0.08;0.05;0.06;0.07;0.1;;;;0.2;0.22;0.22;0.19;0.15;0.2;0.16;0.24;
8;19;45;27;08019045_27_M;2013;12;0.11;0.21;0.33;0.25;;0.07;0.26;0.16;0.17;;0.18;0.29;0.27;0.23;0.17;0.12;0.19;0.34;0.21;0.42;0.29;0.26;0.2;0.1;0.06;0.05;0.19;0.12;0.14;0.13;0.24
8;19;54;27;08019054_27_M;2013;1;0.07;0.19;0.24;0.1;0.08;0.12;0.16;0.27;0.09;0.28;0.13;0.11;0.19;;0.06;0.07;0.11;0.25;0.21;0.05;0.09;0.09;0.07;0.09;;0.09;0.12;0.08;0.1;0.12;0.1
8;19;54;27;08019054_27_M;2013;2;0.06;0.05;0.05;0.16;0.08;0.05;0.06;0.14;0.16;0.22;0.07;0.05;0.14;0.09;0.05;0.05;0.07;0.09;0.08;0.11;0.1;0.11;0.07;0.09;0.25;0.13;0.14;0.06;;;
8;19;54;27;08019054_27_M;2013;3;0.18;0.14;0.15;0.05;;;;0.05;0.05;0.05;;0.05;0.1;0.07;0.1;0.07;0.05;0.05;0.1;0.06;0.08;0.05;0.05;0.05;0.05;0.05;0.05;0.05;0.05;0.05;0.05
8;19;54;27;08019054_27_M;2013;4;0.05;0.05;0.05;0.06;0.06;0.06;0.05;0.05;0.05;0.05;0.08;0.05;0.05;0.05;0.05;0.1;0.1;0.05;0.05;0.05;0.05;0.05;0.05;0.05;0.05;0.05;0.05;0.05;0.05;0.05;
8;19;54;27;08019054_27_M;2013;5;0.05;0.05;0.05;0.05;0.05;;;;0.05;0.05;0.05;0.05;0.05;0.05;;0.05;0.05;0.05;0.05;;;;0.05;;0.05;0.05;0.05;0.05;0.05;0.05;0.05
8;19;54;27;08019054_27_M;2013;6;0.05;0.05;0.05;0.05;0.05;0.05;0.05;0.05;0.05;0.05;0.05;0.05;0.05;0.05;0.05;0.05;0.05;0.05;0.05;0.22;0.05;0.05;0.05;0.05;0.05;0.05;0.05;0.05;0.05;0.05;
25;51;1;27;25051001_27_M;2013;12;;2.65;;;;;;;;4.07;;;;;;;;;;0.83;;;;;;0.47;;;;;
8;22;6;27;08022006_27_M;2013;1;;;;1.25;;;;;;;0.5;;0.47;;0.46;;;;;;;;;;;;;;;;
8;22;6;27;08022006_27_M;2013;2;;;;;;;;;;;;;;;;;;0.32;;;;;;;;;;;;;
8;22;6;27;08022006_27_M;2013;3;;0.14;;0.14;;;;;;;;0.14;;;;;;0.14;;;;;;;;0.14;;;;;
8;22;6;27;08022006_27_M;2013;4;0.14;;;;;;;;0.14;;;;;;;;0.14;;;;;;;;;;0.14;;;;
8;22;6;27;08022006_27_M;2013;5;0.14;;;;;;0.14;;;;;;0.14;;;;;;;;0.14;;;;;;;;0.14;;
8;22;6;27;08022006_27_M;2013;6;;;;0.14;;;;;;;;;;0.14;;;;;;;;0.14;;0.14;;;;;;;
8;22;6;27;08022006_27_M;2013;7;;0.14;;;;;;;;0.14;;;;;;;;0.14;;;;;;;;0.14;;;;0.14;
8;22;6;27;08022006_27_M;2013;8;;;0.14;;;;0.14;;;;;;;;0.14;;;;0.14;;;;0.14;;;;0.14;;;;
8;22;6;27;08022006_27_M;2013;9;;;;0.14;;;;0.24;;;;0.14;;;;;;;;;;0.14;;;;;;;;;
8;22;6;27;08022006_27_M;2013;10;0.14;;;;;;;;0.14;;;;;;0.14;;;;;;0.14;;;;;;;;0.14;;
8;22;6;27;08022006_27_M;2013;11;;;;;;0.14;;;;;;;;0.18;;;;0.28;;;;;;;;;;0.63;;;
8;22;6;27;08022006_27_M;2013;12;;;;0.51;;0.64;;;;;;0.4;;;;;;0.7;;;;;;;;;;0.5;;;
17;22;2;27;17022002_27_M;2013;1;;0.2;;;;0.67;;;;0.53;;;;;;;;;;;;;;;;;;;;;
17;22;2;27;17022002_27_M;2013;2;;;0.14;;;;;0.14;;;;;;0.72;;;;;;0.72;;;;;;;;0.19;;;
17;22;2;27;17022002_27_M;2013;3;;;;0.16;;;;;;;;0.14;;;;;;;;;;;;;;;;0.16;;;
17;22;2;27;17022002_27_M;2013;4;;;;;;;0.14;;0.14;;;;;;0.14;;;;;;0.14;;0.14;;;;;;;;
17;22;2;27;17022002_27_M;2013;5;0.14;;;;;;;;0.14;;;;;;0.14;;;;;;;;0.14;;;;;;;;0.14
17;22;2;27;17022002_27_M;2013;6;;;;;;0.14;;;;0.14;;;;;;;;;;;;0.14;;;;;;;;0.14;
17;22;2;27;17022002_27_M;2013;7;;;;0.14;;;;;;0.07;;;;0.14;;0.06;;;;0.14;;0.14;;;;;;;;;
17;22;2;27;17022002_27_M;2013;8;;;;;;;0.13;;;;0.13;;0.13;;0.13;;;;;;0.13;;;;0.13;;0.13;;;;
17;22;2;27;17022002_27_M;2013;9;;;;0.13;;;;;;;;0.14;;;;0.13;;;;0.14;;;;;;;;0.14;;;
17;22;2;27;17022002_27_M;2013;10;;;;;;0.13;;;;;;;;;0.13;;;;;;;;;;;;;;;;
17;22;2;27;17022002_27_M;2013;11;;;;;;;;;;;;;;;;;;;;;;;;;;0.22;;;;;
17;22;2;27;17022002_27_M;2013;12;0.7;;;;;0.97;;;;1.11;;;;1.81;;;;0.7;;;;;;;;0.58;;;;;
43;47;1;27;43047001_27_M;2013;1;0.17;;;;;;;;;;;;0.14;;0.14;;;;;;;;0.14;;;;;;;;0.21
43;47;1;27;43047001_27_M;2013;2;;;;0.14;;;;;;;;;;0.29;;;;;;0.14;;;;;;0.27;;;;;
43;47;1;27;43047001_27_M;2013;3;;;;0.14;;;;;;;;;;0.14;;;;0.14;;;;;;;;;;;;0.14;
43;47;1;27;43047001_27_M;2013;4;0.14;;;;;;;;0.14;;;;;;0.14;;;;;;;;0.14;;;;;;0.14;;
43;47;1;27;43047001_27_M;2013;5;;;;;;;;;;;0.14;;0.14;;;;;;;;;;0.14;;;;0.14;;;;
43;47;1;27;43047001_27_M;2013;6;;;;0.14;;;;;;;;0.14;;;;;;0.14;;;;;;;;;;0.14;;;
43;47;1;27;43047001_27_M;2013;7;;0.14;;;;;;0.14;;;;;;;;0.14;;;;;;;;0.14;;0.14;;;;;
43;47;1;27;43047001_27_M;2013;8;0.14;;;;0.14;;;;;;;;;;;;0.14;;0.14;;;;;;;;0.14;;;;
43;47;1;27;43047001_27_M;2013;9;;;;0.14;;;;;;0.14;;;;;;;;;;;;0.14;;0.14;;;;;;0.14;
8;19;4;27;08019004_27_M;2013;11;0.21;0.12;0.06;0.05;0.07;0.15;0.28;0.17;0.12;0.12;0.24;0.42;0.22;0.09;0.19;0.05;0.05;0.05;0.38;0.13;0.09;0.13;0.31;0.36;0.3;0.19;0.22;0.43;0.38;0.37;
8;19;4;27;08019004_27_M;2013;12;0.24;0.25;0.67;0.69;0.27;0.14;0.72;0.58;0.64;0.9;0.69;0.73;;0.43;0.6;0.51;0.71;0.65;0.43;0.71;0.59;0.7;0.69;0.31;0.08;0.05;0.23;0.28;0.28;0.46;0.55
8;19;42;27;08019042_27_M;2013;1;0.15;0.23;0.19;;0.19;;0.25;0.16;0.17;0.49;;0.22;;0.11;0.07;0.1;0.1;;;;0.09;0.1;0.05;;;0.07;;;0.16;0.36;0.3
8;19;42;27;08019042_27_M;2013;2;0.18;0.05;0.05;0.26;0.11;0.05;0.08;0.12;0.13;0.11;0.07;0.06;0.09;0.07;0.05;0.05;0.07;0.06;0.12;0.08;0.08;0.11;0.08;0.07;0.19;0.1;0.18;0.05;;;
8;19;42;27;08019042_27_M;2013;3;0.19;0.2;0.16;0.09;0.19;0.17;0.05;0.12;0.09;0.08;0.05;;0.15;0.08;0.07;0.13;0.05;0.05;0.07;0.08;0.07;0.05;0.05;0.05;0.05;;0.05;0.05;0.05;0.05;0.05
8;19;42;27;08019042_27_M;2013;4;0.05;0.05;0.07;0.05;0.05;0.05;0.05;0.08;0.06;0.05;0.05;0.05;0.05;0.06;0.26;0.11;0.1;0.05;0.05;0.05;0.05;0.05;0.05;0.05;0.05;0.05;0.05;0.06;0.06;0.05;
8;19;42;27;08019042_27_M;2013;5;0.05;0.05;0.05;0.05;0.05;0.05;0.07;0.06;0.05;0.05;0.05;0.05;0.05;0.05;0.05;0.05;0.05;0.05;0.05;0.05;0.05;0.05;0.05;0.05;0.05;0.05;0.05;0.05;0.05;0.05;0.05
8;19;43;27;08019043_27_M;2013;2;0.38;0.14;0.09;0.38;0.33;0.17;0.27;0.36;0.25;0.24;0.15;0.15;0.33;0.3;0.2;0.09;0.1;0.3;0.21;0.14;0.28;0.31;0.17;0.16;0.45;0.21;0.44;0.13;;;
8;19;43;27;08019043_27_M;2013;3;0.33;0.27;0.41;0.26;0.14;0.29;0.56;0.08;0.13;0.13;0.12;0.14;0.27;0.28;0.32;0.22;0.06;0.11;0.4;0.16;0.15;0.07;0.11;0.07;0.13;0.18;0.16;0.08;0.06;0.06;0.06
8;19;43;27;08019043_27_M;2013;4;0.08;0.14;0.19;;;;;;;0.12;0.12;0.11;0.06;0.18;0.35;0.38;0.38;0.14;0.16;0.05;0.05;0.09;0.16;0.13;0.13;0.18;0.09;0.16;0.24;0.08;
8;19;43;27;08019043_27_M;2013;5;0.07;0.13;0.08;0.09;0.06;0.1;0.17;0.23;0.22;0.16;0.08;0.06;0.08;0.13;0.17;0.12;0.16;0.05;0.05;0.06;0.16;0.12;0.15;0.13;0.07;0.05;0.14;0.11;0.14;0.15;0.15
8;19;43;27;08019043_27_M;2013;6;0.16;0.06;0.23;0.15;0.17;0.17;0.13;0.06;0.05;0.09;0.14;0.12;0.18;0.12;0.15;0.08;0.1;0.12;0.08;0.08;0.13;0.05;0.08;0.06;0.14;0.21;0.15;0.07;0.06;0.05;
8;19;43;27;08019043_27_M;2013;7;0.11;0.12;0.13;0.25;0.12;0.07;0.11;0.11;0.11;0.08;0.12;0.18;0.05;0.05;0.07;0.06;0.1;0.06;0.12;0.05;0.05;0.09;0.05;0.06;0.06;0.1;0.05;0.1;0.08;0.06;0.07
8;19;43;27;08019043_27_M;2013;8;0.08;0.07;0.05;0.05;0.06;0.05;0.05;0.05;0.05;0.05;0.05;0.05;0.05;0.05;0.05;0.05;0.05;0.05;0.05;0.05;0.05;0.05;0.05;0.05;0.05;0.09;0.08;0.07;0.06;0.06;0.05
8;19;43;27;08019043_27_M;2013;9;0.05;0.08;0.08;0.09;0.1;0.06;0.06;0.06;0.13;0.1;0.08;0.21;0.11;0.05;0.07;0.07;0.15;0.13;0.12;0.1;0.07;0.09;0.13;0.05;0.08;0.08;0.23;0.08;0.06;0.1;
8;19;43;27;08019043_27_M;2013;10;0.15;0.15;0.11;0.17;0.06;0.05;0.07;0.21;0.2;0.16;0.19;0.08;0.08;0.18;0.16;0.23;0.19;0.19;0.12;0.06;0.14;0.13;0.11;0.27;0.24;0.11;0.07;0.13;0.36;0.3;0.3
8;19;43;27;08019043_27_M;2013;11;0.15;0.14;0.1;0.1;0.33;0.4;0.5;0.18;0.14;0.12;0.25;0.42;0.25;0.22;0.27;0.12;0.14;0.23;0.26;0.24;0.11;0.24;0.33;0.37;0.35;0.29;0.33;0.42;0.4;0.33;
8;19;43;27;08019043_27_M;2013;12;0.28;0.32;0.77;0.99;0.42;0.19;0.48;0.43;0.29;0.79;0.41;0.55;0.61;0.38;0.4;0.44;0.48;0.38;0.35;0.63;0.41;0.68;0.38;0.34;0.11;0.07;0.33;0.33;0.18;0.18;0.32
8;19;44;27;08019044_27_M;2013;1;;0.35;0.31;1.08;;;0.53;0.68;0.32;0.56;;0.33;;;0.11;;;;;;0.14;0.19;0.11;0.23;0.26;0.15;0.15;0.17;0.28;0.37;0.48
8;19;44;27;08019044_27_M;2013;2;0.18;0.06;0.07;0.49;0.2;;0.13;0.3;0.22;0.21;0.1;0.11;0.26;0.2;0.19;0.1;0.06;0.1;0.21;0.27;0.14;0.17;0.11;0.1;0.64;0.23;0.17;0.05;;;
8;19;44;27;08019044_27_M;2013;3;0.19;0.05;0.25;0.08;0.05;0.39;0.45;0.16;0.1;0.08;0.14;0.22;0.28;0.14;0.41;0.12;0.08;0.09;0.22;0.14;0.23;0.1;0.07;0.05;0.09;0.09;0.09;0.06;0.05;0.05;0.06
8;19;44;27;08019044_27_M;2013;4;0.05;0.08;0.11;0.2;0.1;0.09;0.06;0.15;0.13;0.2;0.15;0.09;0.07;0.13;0.3;0.29;0.29;0.1;0.11;0.05;0.05;0.08;0.09;0.06;0.06;0.07;0.06;0.1;0.09;0.11;
8;19;44;27;08019044_27_M;2013;5;0.07;0.1;0.07;0.08;0.06;0.15;0.1;0.14;0.17;0.16;0.06;0.05;0.11;0.13;0.08;0.14;0.16;0.05;0.05;0.05;0.14;0.08;0.08;0.09;0.05;0.05;0.17;0.08;0.08;0.11;0.1
8;19;44;27;08019044_27_M;2013;6;0.05;0.05;0.12;0.11;0.2;0.15;0.13;0.05;0.05;0.08;0.13;0.15;0.14;0.1;0.12;0.07;0.05;0.05;0.07;0.08;0.07;0.05;0.05;0.05;0.11;0.14;0.13;0.07;0.05;0.05;
8;19;44;27;08019044_27_M;2013;7;0.07;0.12;0.13;0.15;0.13;0.09;0.07;0.13;0.11;0.07;0.1;0.11;0.05;0.05;0.08;0.06;0.09;0.05;0.08;0.05;0.05;0.08;0.05;0.05;0.07;0.07;0.05;0.12;0.06;0.07;0.08
8;19;44;27;08019044_27_M;2013;8;0.08;0.07;0.05;0.05;0.05;0.05;0.05;0.09;0.07;0.05;0.05;0.05;0.05;0.05;0.05;0.05;0.05;0.05;0.05;0.05;0.05;0.05;0.05;0.05;0.05;0.06;0.06;0.08;0.06;0.07;0.05
8;19;44;27;08019044_27_M;2013;9;0.05;0.07;0.07;0.09;0.12;0.05;0.05;0.06;0.13;0.07;0.06;0.15;0.08;0.05;0.05;0.1;0.15;0.18;0.1;0.14;;0.11;0.1;0.05;0.08;0.09;0.21;0.07;0.05;0.1;
8;19;44;27;08019044_27_M;2013;10;0.14;0.09;0.06;0.11;0.06;0.05;0.09;0.13;0.15;0.12;0.12;0.07;0.07;0.13;0.12;0.13;0.2;0.15;0.09;0.06;0.1;0.09;0.12;0.16;0.13;0.07;0.05;0.19;0.32;0.31;0.34
8;19;44;27;08019044_27_M;2013;11;0.2;0.11;0.09;0.05;0.19;0.34;0.43;0.21;0.12;0.09;0.25;0.32;0.24;0.19;0.19;0.07;0.07;0.14;0.25;0.23;0.12;0.21;0.25;0.32;0.42;0.27;0.32;0.4;0.4;0.37;
8;19;44;27;08019044_27_M;2013;12;0.26;0.59;0.53;0.78;0.48;0.18;0.62;0.21;0.37;0.58;0.28;0.37;0.45;0.32;0.28;0.28;0.31;0.35;0.36;0.5;0.43;0.7;0.37;0.2;0.1;0.06;0.36;0.29;0.17;0.22;0.36
8;19;53;27;08019053_27_M;2013;1;0.12;0.18;0.16;0.08;;;;;;0.23;0.14;0.1;0.23;0.15;0.06;0.09;0.1;0.14;0.18;;0.08;0.08;;0.09;;0.05;0.14;0.09;0.1;0.15;0.13
8;19;53;27;08019053_27_M;2013;2;0.07;0.05;0.05;0.11;0.07;0.05;0.07;;0.22;0.17;0.06;0.06;0.11;0.06;0.05;0.05;0.05;0.08;0.05;0.11;0.06;0.1;0.09;0.09;0.27;0.11;0.12;0.05;;;
8;19;53;27;08019053_27_M;2013;3;0.06;0.1;0.11;0.05;0.05;0.12;0.14;0.07;0.05;0.05;0.05;0.05;0.11;0.06;0.07;0.06;0.05;0.05;0.05;0.08;0.05;0.05;0.05;0.05;0.05;0.05;0.05;0.05;0.05;0.05;0.05
8;19;45;27;08019045_27_M;2013;5;0.05;0.05;0.05;0.05;0.05;0.05;0.06;0.09;0.05;0.05;0.05;0.05;0.05;0.05;0.05;0.05;0.05;0.05;0.05;0.05;;;0.05;0.05;0.05;0.05;0.05;0.05;0.05;0.05;0.05
8;19;45;27;08019045_27_M;2013;6;0.05;0.05;0.05;0.05;0.05;0.05;0.05;0.05;0.05;0.05;0.05;0.05;0.05;0.05;0.05;;0.05;0.05;0.05;0.05;0.05;0.05;0.05;0.05;0.05;0.05;0.05;0.05;0.05;0.05;
8;19;45;27;08019045_27_M;2013;7;0.05;0.05;0.05;0.08;0.05;0.05;0.05;0.06;0.06;;0.06;0.05;0.05;0.05;0.05;0.05;0.05;0.05;0.05;0.05;0.05;0.05;0.05;0.05;;;0.05;0.16;0.05;0.05;0.05
8;19;45;27;08019045_27_M;2013;8;0.05;0.05;0.05;0.05;0.05;0.05;0.05;0.05;0.05;0.05;0.05;0.05;0.05;0.05;0.05;0.05;0.05;0.05;0.05;0.05;0.05;0.05;0.05;0.05;0.05;0.05;0.05;0.05;0.05;0.05;0.05
8;19;45;27;08019045_27_M;2013;9;0.05;0.05;0.05;0.05;0.06;0.05;0.05;0.05;0.05;0.05;0.07;0.05;0.05;0.05;0.05;0.05;0.05;0.05;0.05;0.05;0.05;0.06;0.05;;0.05;0.05;0.07;0.05;0.05;0.05;
8;19;54;27;08019054_27_M;2013;7;0.05;0.05;0.05;0.14;0.05;0.05;0.05;0.05;0.05;0.05;0.05;0.05;0.05;0.05;0.05;0.05;0.05;0.05;0.05;0.05;0.05;0.05;0.05;0.05;0.05;0.05;0.05;0.23;0.05;0.05;0.05
8;19;54;27;08019054_27_M;2013;8;0.05;;0.05;0.05;0.05;0.05;0.05;0.05;0.05;0.05;0.05;0.05;0.05;0.05;0.05;0.05;0.05;0.05;0.05;0.05;0.05;0.05;0.05;0.05;0.05;0.05;0.05;0.05;0.05;0.05;0.05
8;19;54;27;08019054_27_M;2013;9;0.05;0.05;0.05;0.05;0.05;0.05;0.05;0.05;0.05;0.05;0.05;0.05;0.05;0.05;0.05;0.05;0.05;0.05;0.05;0.05;0.05;0.12;0.05;0.05;0.05;0.05;0.1;0.05;0.05;0.05;
8;19;54;27;08019054_27_M;2013;10;0.05;0.05;0.05;0.05;0.05;0.05;0.05;0.05;0.06;0.05;0.05;0.05;0.05;0.06;0.05;0.06;0.05;0.11;0.05;0.05;0.05;0.05;0.06;0.06;0.05;0.05;0.05;0.07;0.13;0.16;0.16
8;19;54;27;08019054_27_M;2013;11;0.05;0.06;0.05;0.05;0.05;0.09;0.18;0.05;0.05;0.06;0.14;0.13;0.07;0.06;0.06;0.05;0.05;0.06;0.08;0.15;0.05;0.08;0.16;0.19;0.17;0.15;0.14;0.2;0.25;0.21;
8;19;54;27;08019054_27_M;2013;12;;0.19;0.21;0.15;0.17;0.08;0.17;0.16;0.14;0.32;0.13;0.13;0.43;0.18;0.11;0.19;0.35;0.16;0.12;0.32;0.39;0.23;0.13;0.09;0.05;0.05;0.11;0.07;0.11;0.12;0.15
8;19;55;27;08019055_27_M;2013;1;0.15;0.38;0.32;;;;;;0.49;0.27;0.47;0.41;0.29;0.39;0.09;0.17;0.08;0.13;0.2;0.05;0.09;0.1;0.1;0.06;0.11;0.06;0.13;0.15;0.18;0.29;0.32
8;19;55;27;08019055_27_M;2013;2;0.2;0.05;0.05;0.23;0.18;0.07;0.06;0.14;0.23;0.2;0.07;0.07;0.14;0.21;0.07;0.05;0.05;0.09;0.05;0.1;0.12;0.05;0.06;0.05;0.28;0.15;0.16;0.05;;;
8;19;55;27;08019055_27_M;2013;3;0.09;0.23;0.22;0.09;0.05;0.16;0.25;0.06;0.08;0.07;0.08;0.05;0.14;0.05;0.14;0.05;0.05;0.06;0.07;0.07;0.07;0.05;0.05;0.05;0.05;0.05;0.05;0.05;0.05;0.05;0.05
8;19;55;27;08019055_27_M;2013;4;0.05;0.05;0.05;0.05;0.05;0.05;0.05;0.06;0.05;0.05;0.05;0.05;0.05;0.05;0.05;0.05;0.05;0.05;0.05;;0.05;0.05;0.05;0.05;0.05;0.05;0.05;0.06;0.05;0.05;
8;19;55;27;08019055_27_M;2013;5;0.05;0.05;0.05;0.05;0.05;0.06;0.05;0.05;0.05;0.05;0.05;0.05;0.05;0.05;0.05;0.05;0.05;0.05;0.05;0.05;0.05;0.05;0.05;0.05;0.05;0.05;0.05;0.05;0.05;0.05;0.05
8;19;55;27;08019055_27_M;2013;6;0.05;0.05;0.05;0.05;0.05;0.05;0.05;0.05;0.05;0.05;0.05;0.05;;0.05;0.05;0.05;0.05;0.05;0.05;0.05;0.05;0.05;0.05;0.05;0.05;0.05;0.05;0.05;0.05;0.05;
8;19;55;27;08019055_27_M;2013;7;0.05;0.05;0.05;0.05;0.05;0.05;0.05;0.05;0.05;0.05;0.05;0.05;0.05;0.05;0.05;0.05;0.05;0.05;0.05;0.05;0.05;0.05;0.05;0.05;0.05;0.05;0.05;;;;
8;19;55;27;08019055_27_M;2013;9;;;;;0.05;0.05;0.05;0.05;0.05;0.05;0.05;0.05;0.05;0.05;0.05;0.05;0.05;0.05;0.05;0.05;0.05;0.09;0.05;0.05;0.05;0.05;0.07;0.05;0.05;0.05;
8;19;55;27;08019055_27_M;2013;10;0.07;0.05;0.05;0.05;0.05;0.05;0.07;0.05;0.05;0.14;0.1;0.05;0.05;0.11;0.1;0.1;0.08;0.14;0.05;0.05;0.05;0.08;0.07;0.05;0.05;0.05;0.05;0.05;0.17;0.21;0.14
8;19;55;27;08019055_27_M;2013;11;0.12;0.07;0.05;0.05;0.05;0.07;0.2;0.12;0.1;0.06;0.24;0.23;0.24;0.06;0.09;0.05;0.05;0.06;0.12;0.11;0.05;0.12;0.19;;0.15;0.15;0.18;0.32;0.26;0.18;
8;19;55;27;08019055_27_M;2013;12;;;0.46;0.86;;0.27;0.62;0.46;0.41;0.6;0.49;;;;;;;;0.39;0.45;0.32;0.63;0.59;0.33;0.07;0.05;0.17;0.26;0.11;0.25;0.3
8;19;4;27;08019004_27_M;2013;1;0.34;0.56;0.73;0.27;0.16;0.35;0.37;0.96;0.98;0.58;0.56;;;;0.1;;0.19;0.63;;0.13;;;0.1;0.17;0.12;0.12;0.18;0.14;0.23;0.45;0.4
8;19;4;27;08019004_27_M;2013;2;0.24;0.05;0.05;0.29;0.3;0.06;0.1;;0.4;0.27;0.07;;;0.12;0.05;0.05;0.15;0.27;0.09;0.22;0.22;0.06;0.09;0.09;0.33;0.25;0.25;0.16;;;
8;19;4;27;08019004_27_M;2013;3;0.35;0.05;0.15;0.24;0.05;0.21;0.28;0.08;0.11;0.09;0.08;0.07;0.21;0.12;0.15;0.13;0.06;0.11;0.09;0.11;0.09;0.06;0.06;0.05;0.05;0.05;0.05;0.05;0.05;0.05;0.05
8;19;4;27;08019004_27_M;2013;4;0.05;0.05;0.08;0.05;0.06;0.05;0.05;0.09;0.14;0.05;0.08;0.06;0.05;0.05;0.12;0.13;0.1;0.07;0.07;0.05;0.05;0.05;0.05;0.05;0.05;0.05;0.05;0.09;0.08;0.05;
8;19;4;27;08019004_27_M;2013;5;0.05;0.05;0.05;0.05;0.05;0.06;0.05;0.05;0.05;0.05;0.05;0.05;0.1;0.05;0.05;0.05;0.05;0.05;0.05;0.05;0.05;0.05;0.05;0.05;0.05;0.05;0.05;0.05;0.05;0.05;0.05
8;19;4;27;08019004_27_M;2013;6;0.05;0.05;0.06;0.05;0.05;0.05;0.05;0.05;0.05;0.05;0.05;0.05;0.06;0.05;0.05;0.05;0.05;0.05;0.05;0.19;0.05;0.05;0.05;0.05;0.05;0.05;0.05;0.05;0.05;0.05;
8;19;4;27;08019004_27_M;2013;7;0.05;0.05;0.05;0.1;0.05;0.05;0.05;0.05;0.05;0.05;0.05;0.05;0.05;0.05;0.05;0.05;0.05;0.05;0.05;0.05;0.05;0.05;0.05;0.05;0.05;0.05;0.05;0.05;0.05;0.05;0.05
8;19;4;27;08019004_27_M;2013;8;0.05;0.05;0.05;0.05;0.05;0.05;0.05;0.05;0.05;0.05;0.05;0.05;0.05;0.05;0.05;0.05;0.05;0.05;0.05;0.05;0.05;0.05;0.05;0.05;0.05;0.05;0.05;0.05;0.05;0.05;0.05
8;19;4;27;08019004_27_M;2013;9;0.05;0.05;0.05;0.05;0.05;0.05;0.05;0.05;0.05;0.05;0.05;0.05;0.05;0.05;0.05;0.06;0.05;0.05;0.05;0.06;0.05;0.07;0.05;0.05;0.05;0.05;0.08;0.05;0.05;0.07;
8;19;4;27;08019004_27_M;2013;10;0.09;0.05;0.05;0.05;0.05;0.05;0.05;0.05;0.05;0.05;0.05;0.06;0.05;0.1;0.12;0.11;0.14;0.13;0.06;0.05;0.07;0.07;0.09;0.08;0.08;0.05;0.05;0.11;0.3;0.25;0.23
8;19;28;27;08019028_27_M;2013;1;0.23;0.3;0.31;0.56;0.51;0.5;0.68;0.62;0.43;0.52;0.39;0.3;0.26;0.35;;0.27;0.2;0.21;0.24;0.09;0.23;0.29;0.2;0.25;0.26;0.14;0.19;0.21;0.31;0.54;0.45
8;19;28;27;08019028_27_M;2013;2;0.37;0.09;0.1;0.41;0.28;0.05;0.25;0.38;0.24;0.21;0.14;0.12;0.21;0.36;0.22;0.1;0.11;0.49;0.34;0.15;0.41;0.39;0.12;0.11;0.43;0.24;0.4;0.25;;;
8;19;28;27;08019028_27_M;2013;3;0.38;0.27;0.32;0.42;0.42;0.4;0.41;0.09;0.14;0.12;0.12;0.1;0.26;0.2;0.26;0.14;0.05;0.11;0.86;0.19;0.15;0.08;0.08;0.05;;;;;;;
8;19;28;27;08019028_27_M;2013;4;;0.1;0.36;0.42;0.12;0.06;0.05;0.14;0.17;0.12;0.14;0.18;0.07;0.12;0.26;0.38;0.57;0.24;0.11;0.05;0.05;0.05;0.05;0.15;;0.14;0.11;;;0.08;
8;19;28;27;08019028_27_M;2013;5;0.07;0.15;0.07;0.09;0.05;0.14;0.13;0.13;0.09;0.1;0.05;0.05;0.06;0.11;0.13;0.11;0.09;0.05;0.05;0.05;0.1;0.11;0.08;0.07;0.05;0.05;0.07;0.1;0.09;0.09;0.07
8;19;28;27;08019028_27_M;2013;6;0.11;0.05;0.08;0.08;0.13;0.11;0.09;0.05;0.05;0.06;0.11;0.07;0.15;0.08;0.1;0.09;0.09;0.1;0.06;0.05;0.08;0.05;0.06;0.05;0.07;0.12;0.1;0.06;0.06;0.05;
8;19;28;27;08019028_27_M;2013;7;0.07;0.06;0.07;0.16;0.09;0.09;0.06;0.1;0.07;0.06;0.08;0.14;0.05;0.05;0.05;0.06;0.07;0.06;0.05;0.05;0.05;0.07;0.05;0.05;0.05;;;;;0.05;0.05
8;19;28;27;08019028_27_M;2013;8;0.07;0.05;0.05;0.05;0.06;0.05;0.05;0.05;0.05;0.05;0.05;0.05;0.05;0.05;0.05;0.05;0.05;0.05;0.05;0.05;0.05;0.05;0.05;0.05;0.05;0.07;0.05;0.05;0.05;0.09;0.05
8;19;28;27;08019028_27_M;2013;9;0.05;0.07;0.06;0.08;0.09;0.05;0.05;0.05;0.09;0.08;0.05;0.08;0.08;0.05;0.05;0.07;0.08;0.15;0.07;0.11;0.06;0.12;0.08;0.05;0.06;0.06;0.19;0.07;0.05;0.06;
8;19;28;27;08019028_27_M;2013;10;0.1;0.12;0.08;0.15;0.06;0.05;0.07;0.1;0.09;0.12;0.15;0.05;0.06;0.13;0.13;0.12;0.14;0.15;0.09;0.05;0.09;0.1;0.11;0.15;0.18;0.1;0.05;0.11;0.25;0.31;0.28
8;19;28;27;08019028_27_M;2013;11;0.16;0.09;0.07;0.08;0.23;0.31;0.27;0.16;0.08;0.09;0.21;0.39;0.22;0.16;0.24;0.12;0.09;0.05;0.15;;;;0.25;0.23;0.39;0.27;0.53;0.55;0.48;0.5;
8;19;28;27;08019028_27_M;2013;12;0.44;0.47;1.06;1.01;0.49;;;0.24;0.34;0.66;0.45;0.5;0.68;0.43;0.28;0.29;0.33;0.45;0.37;0.58;0.32;0.56;0.33;0.25;0.08;;0.25;0.38;0.17;0.22;0.31
8;19;45;27;08019045_27_M;2013;1;0.12;;0.21;0.21;;0.15;0.34;0.24;0.1;0.33;0.13;0.23;0.13;0.08;0.14;0.11;0.11;0.27;0.11;0.05;0.08;0.12;0.05;0.11;0.08;0.08;0.1;0.11;0.11;0.27;0.24
8;19;45;27;08019045_27_M;2013;2;0.16;0.05;0.05;0.3;0.12;0.05;0.06;0.13;0.12;0.12;0.07;0.05;0.08;0.05;0.05;0.05;0.09;0.08;0.28;0.1;0.06;0.14;0.07;0.07;0.27;0.11;0.17;0.08;;;
8;19;45;27;08019045_27_M;2013;3;0.23;0.26;0.17;0.08;0.05;0.3;0.12;0.05;0.08;0.08;0.09;0.06;;0.06;0.05;0.12;0.07;0.05;;0.06;0.06;0.05;0.05;0.05;0.05;0.05;0.05;0.05;0.05;0.05;0.05
8;19;45;27;08019045_27_M;2013;4;0.05;0.05;0.05;0.09;0.06;0.06;0.05;0.08;0.05;0.05;0.05;0.05;0.05;0.08;0.1;0.1;0.08;0.06;0.05;0.05;0.05;0.05;0.05;0.05;0.05;0.05;0.05;0.06;0.05;0.05;
28;16;1;27;28016001_27_M;2013;11;;;;;0.09;;;0.09;;;;;;;0.09;;;;;;;0.09;;;;;;;0.09;;
28;148;4;27;28148004_27_M;2013;12;;0.29;;;0.27;0.09;;;0.35;;0.09;;0.17;;;0.48;;0.42;;0.09;;;0.09;;;0.09;0.21;;;0.21;
28;92;5;27;28092005_27_M;2013;12;;0.74;;;0.8;;;;0.23;;;;0.26;;;0.09;;0.09;;0.09;;;0.09;;;0.09;0.09;;;0.09;
28;16;1;27;28016001_27_M;2013;12;;;;;0.09;;;;;;;;0.09;;;;;;;;;;;;;;;;;;
28;16;1;27;28016001_27_M;2013;10;;;;0.09;;;;;;;0.09;;;;;;;0.09;;;;;;;0.09;;;0.09;;;0.09
28;148;4;27;28148004_27_M;2013;11;0.09;;;0.09;0.1;;;0.09;0.09;;0.13;0.09;0.09;;0.39;;;0.37;;0.09;;0.22;;;0.27;;0.09;;0.21;;
28;92;5;27;28092005_27_M;2013;11;0.09;;;0.15;0.09;;;0.2;0.09;;0.09;;0.09;;0.09;;;0.09;;;;0.09;;;0.09;;;;0.09;;
28;92;5;27;28092005_27_M;2013;9;;0.09;;;;0.09;;;0.09;;0.09;;0.09;;;0.09;;0.09;;0.09;;;0.09;;;;0.09;;;0.09;
28;16;1;27;28016001_27_M;2013;9;;;;;;0.09;;;;;;;0.09;;;;;;;0.09;;;;;;;0.09;;;;
28;148;4;27;28148004_27_M;2013;10;;;;0.09;;;0.09;;;;0.09;;;0.09;;0.09;;0.09;;;0.09;;;;0.09;;;0.09;0.09;;0.09
28;92;5;27;28092005_27_M;2013;10;;;;0.09;;;0.09;;;;0.09;;;0.09;;0.09;;0.09;;;0.09;;;;0.09;;;0.09;;;0.09
28;148;4;27;28148004_27_M;2013;8;;0.09;;;0.09;;;;0.09;;;0.09;;0.09;;0.09;;;0.09;;;;0.09;;;0.09;;;;0.09;
28;92;5;27;28092005_27_M;2013;8;;0.09;;;0.09;;;;0.09;;;0.09;;0.09;;0.09;;;0.09;;;;0.09;;;0.09;;;;0.09;
28;16;1;27;28016001_27_M;2013;8;;0.09;;;;;;;0.09;;;;;;;0.09;;;;;;;0.09;;;;;;;0.09;
28;148;4;27;28148004_27_M;2013;9;;0.09;;;;0.09;;;0.09;;0.09;;0.09;;0.09;;;0.09;;0.09;;;0.09;;;;0.09;;;0.09;
28;16;1;27;28016001_27_M;2013;6;;;;;;;0.09;;;;;;;0.09;;;;;;;0.09;;;;;;;0.09;;;
28;148;4;27;28148004_27_M;2013;7;0.09;;;;;;;;;;;;;;;;;;;;;;;;;;;;;;
28;92;5;27;28092005_27_M;2013;7;0.09;;;;;;;;;;;;;;;;;;;;;;;;;;;;;;
28;16;1;27;28016001_27_M;2013;7;;;;;;;;;;;;;;;;;;;;;;;;;;0.09;;;;;
28;92;5;27;28092005_27_M;2013;5;;;0.09;;;0.09;;;;0.09;;;0.09;;;0.09;0.09;;;0.09;;;;0.09;;;0.09;;;;0.09
28;16;1;27;28016001_27_M;2013;5;;;0.09;;;;;;;0.09;;;;;;;0.09;;;;;;;0.09;;;;;;;0.09
28;148;4;27;28148004_27_M;2013;6;;;0.09;;;;0.09;;;0.09;;0.09;;0.09;;;0.09;;0.09;;0.09;;;0.09;;;;0.09;;;
28;92;5;27;28092005_27_M;2013;6;;;0.09;;;;0.09;;;0.09;;0.09;;0.09;;;0.09;;0.09;;0.09;;;0.09;;;;0.09;;;
28;92;5;27;28092005_27_M;2013;4;0.09;;;;0.09;;;0.09;;;;0.09;;;0.09;;0.09;;0.09;;;0.09;;;;0.09;;;0.09;;
28;16;1;27;28016001_27_M;2013;4;;;;;0.09;;;;;;;0.09;;;;;;;0.09;;;;;;;0.09;;;;;
28;148;4;27;28148004_27_M;2013;5;;;0.09;;;0.09;;;;0.09;;;0.09;;;0.09;0.09;;;0.09;;;;0.09;;;0.09;;;;0.09
28;148;4;27;28148004_27_M;2013;3;0.09;;;0.09;;;;0.09;;;0.09;;0.09;;0.09;;;;0.09;;;0.09;;;0.09;;0.09;;;;
28;92;5;27;28092005_27_M;2013;3;0.09;;;0.09;;;;0.22;;;0.09;;0.09;;0.09;;;;0.09;;;0.09;;;0.09;;0.09;;;;
28;16;1;27;28016001_27_M;2013;3;0.09;;;;;;;0.09;;;;;;;0.09;;;;;;;0.09;;;;;0.09;;;;
28;148;4;27;28148004_27_M;2013;4;0.09;;;;0.09;;;0.09;;;;0.09;;;0.09;;0.09;;0.09;;;0.09;;;;0.09;;;0.09;;
28;16;1;27;28016001_27_M;2013;1;;;;0.09;;;;;;;0.09;;;;;;;0.09;;;;;;;0.09;;;;;;
28;148;4;27;28148004_27_M;2013;2;0.09;;;0.12;;;;0.18;;;0.22;;0.22;;0.09;;;0.09;;;;0.09;;;0.09;;;;;;
28;92;5;27;28092005_27_M;2013;2;0.09;;;0.09;;;;0.09;;;0.09;;0.09;;0.15;;;0.58;;;;0.24;;;0.55;;;;;;
28;16;1;27;28016001_27_M;2013;2;0.09;;;;;;;0.09;;;;;;;0.09;;;;;;;0.09;;;;;;;;;
28;92;5;27;28092005_27_M;2013;1;;0.45;;0.49;;;;0.67;;;0.21;;;0.1;;0.09;;0.09;;;0.09;;;;0.09;;;0.09;;;
28;148;4;27;28148004_27_M;2013;1;;0.19;;0.13;;;;0.15;;;0.09;;;0.09;;0.09;;0.31;;;0.33;;;;0.47;;;0.31;;;
33;36;999;27;33036999_27_M;2013;1;;;;;;;;0.07;0.02;;;;;;;0.02;;;;;;;;0.06;;;;;;;
33;36;999;27;33036999_27_M;2013;2;0.02;;;;;;;;0.02;;;;;;;;0.12;0.02;;;;;;;;0.02;;;;;
33;36;999;27;33036999_27_M;2013;3;;;;;;0.02;;;;;;;;0.02;;;;;;;;0.02;;;;;;;;0.07;
33;36;999;27;33036999_27_M;2013;4;;;;;;;0.02;0.02;;0.02;;;;;;0.02;;;;;;;;0.02;;;;;;;
33;36;999;27;33036999_27_M;2013;5;;0.02;;;;;;;;0.02;;;;;;;;0.02;;;;;;;;0.02;0.02;;;;
33;36;999;27;33036999_27_M;2013;6;;;;;;;;;;;;0.02;;;;;;;;0.02;;;;;;;;0.16;;;
33;36;999;27;33036999_27_M;2013;7;;;;;;0.09;;;;;;;;0.02;0.45;;;;;;;;0.02;;;;;;;;0.02
33;36;999;27;33036999_27_M;2013;8;;;;;;;;0.02;;;;;;;;0.02;;;;;;;;0.12;;;;;;;
6;15;1;27;06015001_27_M;2013;12;;;;;;;;;;;;0.19;;;;;;;;;;;;;;;;;;;
6;15;1;27;06015001_27_M;2013;10;;;;;;;;;;;;;;;;;;;;;0.02;;;;;;;;;;
6;15;1;27;06015001_27_M;2013;9;;;0.03;;;;;;;;;;;;;;;;0.01;;;;;;;;;;;;
6;15;1;27;06015001_27_M;2013;8;;;;;0.04;;;;;;;;;;;;;;;0.03;;;;;;;;;;;
6;15;1;27;06015001_27_M;2013;7;;;;;0.04;;;;;;;;;;;;;;;0.03;;;;;;;;;;;
6;15;1;27;06015001_27_M;2013;6;;;;;0.02;;;;;;;;;;;;;;;0.01;;;;;;;;;;;
6;15;1;27;06015001_27_M;2013;5;;;;;0.04;;;;;;;;;;;;;;;;;;;;0.03;;;;;;
6;15;1;27;06015001_27_M;2013;4;;;;;;;;;;;;;;;;;;;;;;;;;;;;;;0.03;
6;15;1;27;06015001_27_M;2013;3;;;;;;;;;0.05;;;;;;;;;;;;;;;;;;;0.02;;;
6;15;1;27;06015001_27_M;2013;2;;;;;;;;;;;;;;;;;;;0.04;;;;;;;;;;;;
6;15;1;27;06015001_27_M;2013;1;;;;;;;;;;;;;;;;;;;;;;;;;0.1;;;;;;
10;37;1;27;10037001_27_M;2013;12;;;;;0.12;;;;;;;;;;;;;;;;0.05;;;;;;;;;;
10;37;1;27;10037001_27_M;2013;11;;;;;;;;;;;;;;;;;;;0.07;;;;;;;;;;;;
10;37;1;27;10037001_27_M;2013;10;;0.01;;;;;;;;;;;;;;;;0.04;;;;;;;;;;;0.02;;
10;37;1;27;10037001_27_M;2013;9;;;;;0.0;;;;;;;;;;;;;;;;;;;;;;;;;;
10;37;1;27;10037001_27_M;2013;8;;;0.0;;;;;;;;;;;;;;;;0.01;;;;;;;;;;;;
10;37;1;27;10037001_27_M;2013;7;;;;;;;;;;;;;;;0.01;;;;;;;;;;;;;;;;
10;37;1;27;10037001_27_M;2013;6;;;;;;;;;;;0.0;;;;;;;;;;0.0;;;;;;;;;;
10;37;1;27;10037001_27_M;2013;5;;;;;;;;;;;;;;;0.01;;;;;;;;;;;;;;;;
10;37;1;27;10037001_27_M;2013;4;;;;;;;;;;;;0.0;;;;;;;;;;;;;;;;;0.0;;
10;37;1;27;10037001_27_M;2013;3;;;;;;;;;0.01;;;;;;;;;;;;;;;;;0.0;;;;;
10;37;1;27;10037001_27_M;2013;2;;;0.05;;;;;;;;;;;;;;;;;0.03;;;;;;;;;;;
10;37;1;27;10037001_27_M;2013;1;;;;;;;;;;;;;;;;;0.01;;;;;;;;;;;;;;
7;40;6;27;07040006_27_M;2013;7;0.042;0.042;0.042;0.042;0.042;;;;;;;;;;;;;;;;;;;;;;;;;;
45;153;999;27;45153999_27_M;2013;5;0.02;0.02;0.02;0.02;0.02;0.02;0.02;0.02;0.02;;;;;;;;;;;;;;;;;;;;;0.06;0.02
7;32;999;27;07032999_27_M;2013;6;;;;;;;;;;;;;;;;;0.52;0.35;0.02;0.02;0.02;0.02;0.02;0.02;0.11;0.15;0.02;0.02;0.02;0.08;
45;153;999;27;45153999_27_M;2013;6;0.02;0.02;;;;;;;;;;;;;;;;;;;;;;;;;;;;;
7;32;999;27;07032999_27_M;2013;7;0.07;0.06;0.07;0.02;0.02;0.02;0.02;0.02;0.02;0.02;0.02;0.02;0.02;0.02;0.02;0.02;0.02;0.02;0.02;0.02;0.02;0.02;0.02;0.02;0.02;0.02;0.02;0.02;0.02;0.02;0.02
7;32;999;27;07032999_27_M;2013;8;0.02;0.02;0.02;0.02;0.02;0.02;0.02;0.02;0.02;0.02;0.02;;;;;;;;;;;;;;;;;;;;
18;189;999;27;18189999_27_M;2013;9;;;;;;;;;;;;;;;;;;;;;;;;;;;;;;0.02;
18;189;999;27;18189999_27_M;2013;10;;0.02;0.02;0.02;0.02;;0.02;0.02;0.02;0.02;0.02;0.02;0.02;0.02;0.02;0.02;0.12;0.02;0.02;0.02;0.02;0.02;0.02;0.02;0.02;0.02;0.02;0.02;0.02;0.02;0.02
18;189;999;27;18189999_27_M;2013;11;0.02;0.07;0.02;0.02;0.02;0.04;0.02;0.02;0.02;0.02;0.02;0.02;0.02;0.02;0.02;0.02;0.02;0.02;0.02;0.02;0.02;0.02;0.02;;;;;;;;
45;153;999;27;45153999_27_M;2013;4;;;;;;;;0.13;0.02;0.02;0.02;0.02;0.05;0.08;0.02;0.02;0.02;0.02;0.02;0.02;0.02;0.39;0.02;0.02;0.02;0.02;0.02;0.08;0.02;0.02;
4;32;5;27;04032005_27_M;2013;3;;0.01;;;;;;0.01;;;;;;0.01;;;;;;0.01;;;;;;0.01;;;;;
4;13;4;27;04013004_27_M;2013;8;;;;;0.01;;;;;;0.01;;;;;;0.01;;;;;;0.01;;;;;;0.01;;
4;13;4;27;04013004_27_M;2013;9;;;;0.01;;;;;;0.01;;;;;;0.01;;;;;;0.01;;;;;;0.01;;;
4;13;4;27;04013004_27_M;2013;10;;;;0.01;;;;;;0.01;;;;;;0.01;;;;;;0.01;;;;;;0.01;;;
4;13;4;27;04013004_27_M;2013;11;;;0.01;;;;;;0.01;;;;;;0.01;;;;;;0.01;;;;;;0.01;;;;
4;13;4;27;04013004_27_M;2013;5;0.02;;;;;;0.02;;;;;;0.02;;;;;;0.02;;;0.02;;;;;;;;;
4;13;4;27;04013004_27_M;2013;6;;;;;;0.02;;;;;;0.02;;;;;;;;;;;;0.02;;;;;;0.02;
4;32;5;27;04032005_27_M;2013;4;0.02;;;;;;0.02;;;;;;0.02;;;;;;0.02;;;;;;0.02;;;;;;
4;32;5;27;04032005_27_M;2013;5;0.02;;;;;;0.02;;;;;;0.02;;;0.02;;;;;;;;;0.02;;;;;;0.02
4;32;5;27;04032005_27_M;2013;6;;;;;;0.02;;;;;;0.02;;;;;;0.02;;;;;;0.02;;;;;;0.02;
4;13;4;27;04013004_27_M;2013;12;;;0.04;;;;;;0.04;;;;;;0.04;;;;;;0.04;;;;;;0.04;;;;
4;32;5;27;04032005_27_M;2013;1;;;;;;;;;;0.13;;;;;;0.13;;0.13;;;;;;;;;;0.13;;;
4;32;5;27;04032005_27_M;2013;2;;;;;;0.02;;;;;;0.02;;;;;;0.02;;;;;;0.02;;;;;;;
11;31;1;27;11031001_27_M;2013;1;;;;;;;;;;0.02;;;;;;0.02;;;;;;0.02;;;;;;0.02;;;
11;31;1;27;11031001_27_M;2013;2;;;;;;;;;;;;0.02;;;;;;;;;;;;0.02;;;;;;;
4;32;5;27;04032005_27_M;2013;7;;;;;;0.01;;;;;;;;;;;;0.01;;;;;;0.01;;;;;;0.01;
4;32;5;27;04032005_27_M;2013;8;;;;;0.01;;;;;;0.01;;;;;;0.01;;;;;;0.01;;;;;;0.01;;
4;32;5;27;04032005_27_M;2013;9;;;;0.09;;;;;;0.09;;;;;;0.09;;;;;;0.09;;;;;;0.09;;;
11;31;1;27;11031001_27_M;2013;3;;0.01;;;;;;0.01;;;;;;0.01;;;;;;0.01;;;;;;;;;0.01;;
11;31;1;27;11031001_27_M;2013;4;0.02;;;;;;0.02;;;;;;0.02;;;;;;0.02;;;;;;0.02;;;;;;
11;31;1;27;11031001_27_M;2013;5;0.02;;;;;;0.02;;;;;;0.02;;;;;;0.02;;;;;;0.02;;;;;;0.02
4;32;5;27;04032005_27_M;2013;10;;;;0.01;;;;;;0.01;;;;;;0.01;;;;;;0.01;;;;;;0.01;;;
4;32;5;27;04032005_27_M;2013;11;;;0.02;;;;;;;;;;;;0.02;;;;;;0.02;;;;;;0.02;;;;
4;32;5;27;04032005_27_M;2013;12;;;0.02;;;;;;;;;;;;0.02;;;;;;;;;0.02;;;;;;;
11;31;1;27;11031001_27_M;2013;11;;;;;;;;;0.02;;;;;;0.02;;;;;;0.02;;;;;;0.02;;;;
11;31;1;27;11031001_27_M;2013;12;;;;;;;;;0.03;;0.03;;;;0.03;;;;;;0.03;;;;;;0.03;;;;
23;10;2;27;23010002_27_M;2013;1;;;;1.32;;;;;;1.32;;;;;;;;;;;;1.32;;;;;;1.32;;;
11;31;1;27;11031001_27_M;2013;6;;;;;;0.02;;;;;;;0.02;;;;;;;;;;;0.02;;;;;;0.02;
11;31;1;27;11031001_27_M;2013;7;;;;;;0.01;;;;;;0.01;;;;;;0.01;;;;;;0.01;;;;;;0.01;
11;31;1;27;11031001_27_M;2013;8;;;;;0.01;;;;;;;;;;;;0.01;;;;;;0.01;;;;;;0.01;;
11;31;1;27;11031001_27_M;2013;9;;;;0.01;;;;;;0.01;0.01;;;;;0.01;;;;;;0.01;;;;;;0.01;;;
23;10;2;27;23010002_27_M;2013;8;;;;;0.01;;;;;;0.01;;;;;;0.01;;;;;;0.01;;;;;;0.01;;
23;10;2;27;23010002_27_M;2013;2;;;;;;0.57;;;;;;0.57;;;;;;0.57;;;;;;0.57;;;;;;;
23;10;2;27;23010002_27_M;2013;3;;0.04;;;;;;0.04;;;;;;0.04;;;;;;0.04;;;;;;0.04;;;;;
23;10;2;27;23010002_27_M;2013;4;;0.02;;;;;0.02;;;;;;0.02;;;;;;0.02;;;;;;0.02;;;;;;
11;31;1;27;11031001_27_M;2013;10;;;;0.01;;;;;;;;;;;;0.01;;;;;;0.01;;;;;;0.01;;;
23;10;2;27;23010002_27_M;2013;9;;;;;;;;;;0.02;;;;;;0.02;;;;;;0.02;;;;;;0.02;;;
23;10;2;27;23010002_27_M;2013;10;;;;0.01;;;;0.01;;0.01;;;;;;0.01;;;;;;;;;;;;0.01;;;
23;10;2;27;23010002_27_M;2013;11;;;0.11;;;;;;0.11;;;;;;0.11;;;;;;0.11;;;;;;0.11;;;;
23;10;2;27;23010002_27_M;2013;5;0.04;;;;;;0.04;;;;;;;;;;;;0.04;;;;;;;;;;;;0.04
23;10;2;27;23010002_27_M;2013;6;;;;;;0.02;;;;;;0.02;;;;;;0.02;;;;;;0.02;0.02;;;;;0.02;
23;10;2;27;23010002_27_M;2013;7;;;;;;0.01;;;;;;0.01;;;;;;0.01;;;;;;0.01;;;;;;0.01;
11;33;10;27;11033010_27_M;2013;5;0.02;;;;0.02;;0.02;;;;;;0.02;;;;;;0.02;;;;;;0.02;;;;;;0.02
11;33;10;27;11033010_27_M;2013;6;;;;;;0.02;;;;;;0.02;;;;;;0.02;;;;;;0.02;;;;;;0.02;
23;10;2;27;23010002_27_M;2013;12;;;0.26;;;;;;0.26;;;;;;0.26;;;;;;;;;;;;0.26;;;;
11;33;10;27;11033010_27_M;2013;1;;;;0.07;;;;;;0.07;;;;;;0.07;;;;;;0.07;;;;;;0.07;;;
11;33;10;27;11033010_27_M;2013;2;;;;;;0.02;;;;;;0.02;;;;;;0.02;;;;;;0.02;;;;;;;
11;33;10;27;11033010_27_M;2013;3;;0.01;;;;;;;0.01;;;;;0.01;;;;;;;;;;;;0.01;;;;;
14;21;7;27;14021007_27_M;2013;1;;;;0.26;;;;;;0.26;;;;;;;;;;;;0.26;;;;;;0.26;;;
11;33;10;27;11033010_27_M;2013;7;;;;;;0.01;;;;;;0.01;;;;;;;;;;;;0.01;;;;;;0.01;
11;33;10;27;11033010_27_M;2013;8;;;;;0.01;;;;;;0.01;;;;;;0.01;;;;;;0.01;;;;;;0.01;;
11;33;10;27;11033010_27_M;2013;9;;;;0.01;;;;;;0.01;;;;;;0.01;;;;;;0.01;;;;;;0.01;;;
11;33;10;27;11033010_27_M;2013;10;;;;0.01;;;;;;0.01;;;;;;0.01;;;;;;0.01;;;;;;;;;
11;33;10;27;11033010_27_M;2013;4;0.02;;;;;;0.02;;;;;;0.02;;;;;;0.02;;;;;;0.02;;;;;;
14;21;7;27;14021007_27_M;2013;9;;;;0.01;;;;;;0.01;;;;;;0.01;;;;;;0.01;;;;;;0.01;;;
14;21;7;27;14021007_27_M;2013;3;;0.03;;;;;;0.03;;;;;;0.03;;;;;;0.03;;;;;;0.03;;;;;
14;21;7;27;14021007_27_M;2013;4;;;;;;;0.02;;;;0.02;;0.02;;;;;;0.02;;;;;;0.02;;;;;;
14;21;7;27;14021007_27_M;2013;5;;;0.04;;;;0.04;;;;;;0.04;;;;;;0.04;;;;;;0.04;;;;;;0.04
11;33;10;27;11033010_27_M;2013;11;;;;0.01;;;;;0.01;;;;;;0.01;;;;;;0.01;;;;;;0.01;;;;
11;33;10;27;11033010_27_M;2013;12;;;0.02;;;;;;0.02;;;;;;0.02;;;;;;0.02;;;;;;0.02;;;;
14;21;7;27;14021007_27_M;2013;10;;;;0.01;;;;;;0.01;;;;;;0.01;;;;;;0.01;;;;;;0.01;;;
14;21;7;27;14021007_27_M;2013;11;;;0.07;;;;;;0.07;;;;;;;;;;;;0.07;;;;;;0.07;;;;
14;21;7;27;14021007_27_M;2013;12;;;0.2;;;;;;0.2;;;;;;0.2;;;;;;0.2;;;;;;0.2;;;;
14;21;7;27;14021007_27_M;2013;6;;;;;;0.02;;;;;;0.02;;;;;;0.02;;;;;;0.02;;;;;;0.02;
14;21;7;27;14021007_27_M;2013;7;;;;;;0.01;;;;;;0.01;;;;;;0.01;;;;;;;0.01;;;;;0.01;
14;21;7;27;14021007_27_M;2013;8;;;;;0.01;;;;;;0.01;;;;;;0.01;;;;;;0.01;;;;;;0.01;;
14;68;1;27;14068001_27_M;2013;6;;;;;;0.02;;;;;;0.02;;;;;;0.02;;;;;;0.02;;;;;;0.02;
14;68;1;27;14068001_27_M;2013;7;;;;;;0.01;;;;;;0.01;;;;;;0.01;;;;;;0.01;;;;;;0.01;
14;68;1;27;14068001_27_M;2013;1;;;;0.02;;;;;;0.02;;;;;;0.02;;;;;;0.02;;;;;;0.02;;;
14;68;1;27;14068001_27_M;2013;2;;;;;;0.02;;;;;;0.02;;;;;;0.02;;;;;;0.02;;;;;;;
14;68;1;27;14068001_27_M;2013;3;;0.01;;;;;;0.01;;;;;;0.01;;;;;;0.01;;;;;;0.01;;;;;
14;68;1;27;14068001_27_M;2013;4;0.02;;;;;;;;;;;;;;;;;;0.02;;;;;0.02;;0.02;;;;;
18;87;7;27;18087007_27_M;2013;2;;;;;;0.11;;;;;;0.11;;;;;0.11;;;;;;;;;;;;;;
18;87;7;27;18087007_27_M;2013;3;;;;;0.06;;;0.06;;;;;;0.06;;;;;;0.06;;0.06;;;;;;;;;
14;68;1;27;14068001_27_M;2013;8;;;;;0.01;;;;;;0.01;;;;;;0.01;;;;;;0.01;;;;;;0.01;;
14;68;1;27;14068001_27_M;2013;9;;;;0.01;;;;;;0.01;;;;;;0.01;;;;;;0.01;;;;;;0.01;;;
14;68;1;27;14068001_27_M;2013;10;;;;0.01;;;;;;0.01;;;;;;0.01;;;;;;0.01;;;;;;0.01;;;
14;68;1;27;14068001_27_M;2013;11;;;0.01;;;;;;;;;;;;0.01;;;;;;0.01;;;;;;0.01;;;;
14;68;1;27;14068001_27_M;2013;5;;;0.02;;;;0.02;;;;;;0.02;;;;;;0.02;;;;;;0.02;;;;;;0.02
18;87;7;27;18087007_27_M;2013;4;;;;;;;0.04;;;;;;0.04;;;;;;;;;;;;0.04;;;;;;
18;87;7;27;18087007_27_M;2013;5;0.02;;;;;;0.02;;;;;;;;;;;;0.02;;;;;;0.02;;;;;;0.02
18;87;7;27;18087007_27_M;2013;6;;;;;;0.02;;;;;;0.02;;;;;;;;;;;;0.02;;;;;;0.02;
18;87;7;27;18087007_27_M;2013;7;;;;;;;;;;;;0.01;;;;;;0.01;;;;;;0.01;;;;;;0.01;
14;68;1;27;14068001_27_M;2013;12;;;0.01;;;;;;0.01;;;;;;0.01;;;;;;0.01;;;;;;0.01;;;;
18;87;7;27;18087007_27_M;2013;1;;;;0.6;;;;;;0.6;;;;;;0.6;;;;;;0.6;;;;;;0.6;;;
18;87;7;27;18087007_27_M;2013;12;;;0.2;;;;;;0.2;;;0.2;;;0.2;;0.2;;;;0.2;;;0.2;;;0.2;;;;
21;50;1;27;21050001_27_M;2013;1;;;;0.02;;;;;;;;;;;;0.02;;;;;;0.02;;;;;;0.02;;;
18;87;7;27;18087007_27_M;2013;8;;;0.01;;0.01;;;;;;0.01;;;;;;0.01;;;;;;0.01;;;;;;0.01;;
18;87;7;27;18087007_27_M;2013;9;;;;0.01;;;;;;0.01;;;;;;0.01;;;;;;0.01;;;;;;0.01;;;
18;87;7;27;18087007_27_M;2013;10;;;;0.07;;;;;;0.07;;;;;;0.07;;;;;;0.07;;;;;;0.07;;;
21;50;1;27;21050001_27_M;2013;8;;;;;0.01;;;;;;0.01;;;;;;0.01;;;;;;0.01;;;;;;0.01;;
21;50;1;27;21050001_27_M;2013;2;;;;;;0.02;;;;;;0.02;;;;;;0.02;;;;;;;;;;;;;
21;50;1;27;21050001_27_M;2013;3;;0.01;;;;;;0.01;;;;;;0.01;;;;;;;;;;;;0.01;;;;;
21;50;1;27;21050001_27_M;2013;4;0.02;;;;;;0.02;;;;;;0.02;;;;;0.02;;;;;;;0.02;;;;;;
21;50;1;27;21050001_27_M;2013;5;0.07;;;;;;0.07;;;;;;0.07;;;;;0.07;;;;;;;0.07;;;;;;0.07
18;87;7;27;18087007_27_M;2013;11;0.18;;;;;;;;0.18;;;;;;0.18;;;;;;0.18;;;;;;0.18;;;;
21;50;1;27;21050001_27_M;2013;9;;;;0.01;;;;;;0.01;;;;;;0.01;;;;;;0.01;;;;;;0.01;;;
21;50;1;27;21050001_27_M;2013;10;;;;0.01;;;;;;0.01;;;;;;0.01;;;;;;0.01;;;;;;0.01;;;
21;50;1;27;21050001_27_M;2013;11;;;0.03;;;;;;0.03;;;;;;;;;;;;0.03;;;;;;;0.03;;;
21;50;1;27;21050001_27_M;2013;12;;;0.03;;;;;;0.03;;;;;;0.03;;;;;0.03;;;;;;0.03;;;;;
21;50;1;27;21050001_27_M;2013;6;;;;;;0.02;;;;;;;;;;;;0.02;;;;;;0.02;;;;;;0.02;
21;50;1;27;21050001_27_M;2013;7;;;;;;0.01;;;;;;0.01;;;;;;0.01;;;;;;0.01;;;;;;0.01;
29;67;6;27;29067006_27_M;2013;8;;;;;;;;;;;0.01;;;;;;0.01;;;;;;0.01;;;;;;0.01;;
29;67;6;27;29067006_27_M;2013;9;;;;;;;;;;0.01;;;;;;;;;;;;0.01;;;0.01;;;0.01;;;
29;67;6;27;29067006_27_M;2013;1;;;;;;;;;;0.07;;;;;;;;;;;;0.07;;;;;;0.07;;;
29;67;6;27;29067006_27_M;2013;2;;;;;;0.02;;;;;;0.02;;0.02;;;;0.02;;;;;;;;;;;;;
29;67;6;27;29067006_27_M;2013;3;;0.01;;;;;;0.01;;;;;;0.01;;;;;;0.01;;;;;;;;;;;
29;67;6;27;29067006_27_M;2013;5;;;;;;;0.02;;;;;;;;;;;;;;;;;;0.02;;;;;;0.02
41;91;16;27;41091016_27_M;2013;4;0.02;;;;;;0.02;;;;;;0.02;;;;;;;;;;0.02;;0.02;;;;;;
29;67;6;27;29067006_27_M;2013;10;;;;0.01;;;;;;0.01;;;;;;0.01;;;;;;0.01;;;;;;;;;
29;67;6;27;29067006_27_M;2013;11;;;0.01;;;;;;0.01;;;;;;0.01;;;;;;0.01;;;;;;0.01;;;;
29;67;6;27;29067006_27_M;2013;12;0.04;;0.04;;;;;;;;;0.04;;;0.04;;0.04;;0.04;;0.04;;;0.04;;;0.04;;;;
29;67;6;27;29067006_27_M;2013;6;;;;;;0.02;;;;;;0.02;;;;;;0.02;;;;;;0.02;;;;;;0.02;
29;67;6;27;29067006_27_M;2013;7;;;;;;0.01;;;;;;0.01;;;;;;0.01;;;;;;0.01;;;;;;0.01;
41;91;16;27;41091016_27_M;2013;5;;;;;;;0.02;;;;0.02;;0.02;;;;;;0.02;;;;;;0.02;;;;;;0.02
41;91;16;27;41091016_27_M;2013;6;;;;;;0.02;;;;;;0.02;;;;;;0.02;;;;;;0.02;;;;;;0.02;
41;91;16;27;41091016_27_M;2013;7;;;;;;0.01;;;;;;0.01;;;;;;0.01;;;;;;0.01;;;;;;0.01;
41;91;16;27;41091016_27_M;2013;1;;;;0.11;;;;;;0.11;;;;;;0.11;;;;;;;;0.11;;;;0.11;;;
41;91;16;27;41091016_27_M;2013;2;;;;;;0.02;;;;;;0.02;;;;;;0.02;;;;;;0.02;;;;;;;
41;91;16;27;41091016_27_M;2013;12;;;0.06;;;;;;0.06;;;;;;0.06;;;;;;0.06;;;;;;0.06;;;;
41;91;16;27;41091016_27_M;2013;8;;;;;0.01;;;;;;0.01;;;;;;;0.01;;;;;0.01;;;;;;0.01;;
41;91;16;27;41091016_27_M;2013;9;;;;0.01;;;;;;;;;;;;0.01;;;;;;0.01;;;;;;0.01;;;
41;91;16;27;41091016_27_M;2013;10;;;;0.02;;;;;;0.02;;;;;;0.02;;;;;;0.02;;;;;;0.02;;;
41;91;16;27;41091016_27_M;2013;11;;;0.04;;;;;;0.04;;;;;;0.04;;;;;;0.04;;;;;;0.04;;;;
4;13;4;27;04013004_27_M;2013;7;;;;;;0.01;;;;;;0.01;;;;;;0.01;;;;;;0.01;;;;;;0.01;
4;13;4;27;04013004_27_M;2013;1;;;;0.2;;;;;;0.2;;;;;;0.2;;;;;;0.2;;;;;;0.2;;;
4;13;4;27;04013004_27_M;2013;2;;;;;;0.02;;;;;;0.02;;;;;;0.02;;;;;;0.02;;;;;;;
4;13;4;27;04013004_27_M;2013;3;;0.01;;;;;;0.01;;;;;;0.01;;;;;;0.01;;;;;;0.01;;;;;
4;13;4;27;04013004_27_M;2013;4;0.02;;;;;;0.02;;;;;;0.02;;;;;;0.02;;;;;;0.02;;;;;;
41;91;16;27;41091016_27_M;2013;3;;0.01;;;;;;0.01;;;;;;0.01;;;;;;0.01;;;;;;0.01;;;;;
20;69;5;27;20069005_27_M;2013;1;;;;;;;;;;;;;0.05;;;;0.16;;;;0.05;;;;0.14;;;;;;0.12
20;69;5;27;20069005_27_M;2013;2;;0.14;;0.05;;0.12;;;;0.05;;;;0.12;;;;0.11;;;;;;;;0.18;;;;;
20;69;5;27;20069005_27_M;2013;3;;0.44;;;;0.17;;;;0.05;;;;0.05;;;;0.14;;;;0.12;;;;0.11;;;;0.13;
20;69;5;27;20069005_27_M;2013;4;;;0.15;;;;0.19;;;;0.05;;;;0.11;;;;0.05;;;;0.12;;;;0.05;;;0.05;
20;69;5;27;20069005_27_M;2013;5;;;;0.18;;;;0.05;;;;0.05;;;;0.05;;;;0.05;;;;0.13;;;;0.05;;;
20;69;5;27;20069005_27_M;2013;6;;0.12;;;;;;;;0.14;;;;0.15;;;;0.05;;;;;0.14;;;;;;;;
20;69;5;27;20069005_27_M;2013;7;;;;;0.19;;;;0.21;;;;0.18;;;;0.17;;;;0.14;;;;0.05;;;;0.05;;
20;69;5;27;20069005_27_M;2013;8;;0.05;;;;0.05;;;;0.05;;;;0.05;;;;0.05;;;;0.17;;;;;;;;;
20;69;5;27;20069005_27_M;2013;9;;;;;;;;;;;;;;;;;;;;0.05;;;;0.15;;;;0.05;;;
20;69;5;27;20069005_27_M;2013;10;;0.05;;;;0.05;;;;0.05;;;;0.12;;;;0.11;;;;0.05;;;;;;;;0.05;
20;69;5;27;20069005_27_M;2013;11;;;0.05;;;;;;;;0.05;;;;0.05;;;;0.05;;;;0.05;;;;0.12;;;;
20;69;5;27;20069005_27_M;2013;12;0.05;;;;0.05;;;;0.15;;;;0.12;;;;0.05;;;;0.05;;;;;;;;0.05;;
1;59;9;27;01059009_27_M;2013;10;;0.05;;;;0.05;;;;0.11;;;;0.05;;;;0.14;;;;0.05;;;;0.05;;;;0.05;
1;59;9;27;01059009_27_M;2013;11;;;0.05;;;;;;;;0.05;;;;0.05;;;;0.05;;;;0.05;;;;0.05;;;;
1;59;9;27;01059009_27_M;2013;12;0.05;;;;0.14;;;;0.32;;;;0.42;;;;0.24;;;;0.12;;;;;;;;;;
1;59;9;27;01059009_27_M;2013;1;;;;;;;;;0.33;;;;0.05;;;;0.05;;;;0.05;;;;0.05;;;;0.05;;0.18
1;59;9;27;01059009_27_M;2013;2;;;;;;0.05;;;;0.05;;;;0.22;;;;0.18;;;;0.33;;;;0.05;;;;;
1;59;9;27;01059009_27_M;2013;3;;0.38;;;;0.05;;;;0.05;;;;0.05;;;;0.12;;;;0.13;;;;0.14;;;;0.05;
1;59;9;27;01059009_27_M;2013;4;;;0.12;;;;0.05;;;;0.05;;;;0.16;;;;0.05;;;;0.38;;;;0.05;;;0.05;
1;59;9;27;01059009_27_M;2013;5;;;;0.11;;;;0.05;;;;0.05;;;;;;;;0.05;;;;0.05;;;;0.05;;;
1;59;9;27;01059009_27_M;2013;6;;;;;;0.15;;;;;;;;0.13;;;;0.05;;;;;0.05;;;;0.11;;;;
1;59;9;27;01059009_27_M;2013;7;0.15;;;;0.05;;;;0.22;;;;0.24;;;;0.22;;;;;;;;;;;;;;
1;59;9;27;01059009_27_M;2013;8;;0.21;;;;0.05;;;;0.05;;;;;;;;;;;;;;;;;;;;;0.2
1;59;9;27;01059009_27_M;2013;9;;;;0.22;;;;0.05;;;;0.05;;;;0.05;;;;0.05;;;;0.12;;;;0.05;;;
48;20;6;27;48020006_27_M;2013;12;;;;0.94;0.41;0.46;0.52;0.35;0.81;0.27;0.41;0.49;0.84;0.62;0.34;;0.24;0.16;0.14;0.39;0.21;0.13;;;;;;0.16;;;0.21
48;20;6;27;48020006_27_M;2013;4;;;;;;;;;;;;;;;;;;;0.26;;;;;0.24;;;0.36;;;0.32;
48;20;6;27;48020006_27_M;2013;5;;;;;;;0.35;;;;;;;0.41;;;;;;;;;;0.41;;;;;;;
48;20;6;27;48020006_27_M;2013;6;;;;;;;0.46;;;;;;;0.32;;;;;0.32;;;;;;0.34;;;;0.32;;
48;20;6;27;48020006_27_M;2013;7;;;0.31;;;;0.42;;;;;;;;;;;;;;;;;;;;;;;;
48;20;6;27;48020006_27_M;2013;8;;;;0.34;;;;0.24;;;;0.37;;;;;;;;0.24;;;;0.28;;;;0.55;;;0.42
48;20;6;27;48020006_27_M;2013;9;;;;;0.51;;;0.14;;;;;0.21;;;0.27;;;;0.22;;;;0.51;;;;0.22;;;
48;20;6;27;48020006_27_M;2013;10;;0.37;;;;0.25;;;;;0.41;;;0.67;;;;0.41;;;0.05;;;;;0.22;;;;;
48;20;6;27;48020006_27_M;2013;11;;;;;;;;;0.23;0.31;;;;0.28;;0.22;0.25;0.24;;;;0.27;0.21;0.18;0.46;0.42;0.34;0.91;;0.37;
39;87;4;27;39087004_27_M;2013;1;;;;;;;;;;0.43;;;;;;0.14;;;;;;0.51;;;;;;0.43;;;
39;87;4;27;39087004_27_M;2013;2;;;0.36;;;;;;0.6;;;;;;1.54;;;;;;0.29;;;;;;0.69;;;;
39;87;4;27;39087004_27_M;2013;3;;;;;0.14;;;;;;0.14;;;;;;0.14;;;;;;0.14;;;;;;0.14;;
39;87;4;27;39087004_27_M;2013;4;;;;0.14;;;;;;0.31;;;;;;0.14;;;;;;0.14;;;;;;0.14;;;
39;87;4;27;39087004_27_M;2013;5;;;;;;;;;;0.14;;;;;;0.14;;;;;;0.14;;;;;;0.14;;;
39;87;4;27;39087004_27_M;2013;6;;;0.14;;;;;;0.14;;;;;;0.14;;;;;;0.14;;;;;;0.14;;;;
39;87;4;27;39087004_27_M;2013;7;;;0.14;;;;;;0.14;;;;;;0.14;;;;;;0.14;;;;;;0.14;;;;
39;87;4;27;39087004_27_M;2013;8;;0.14;;;;;;0.14;;;;;;0.29;;;;;;0.14;;;;;;0.14;;;;;
39;87;4;27;39087004_27_M;2013;9;0.14;;;;;;0.14;;;;;;0.14;;;;;;0.14;;;;;;0.14;;;;;;
39;87;4;27;39087004_27_M;2013;10;0.14;;;;;;0.14;;;;;;0.29;;;;;;0.14;;;;;;0.14;;;;;;0.5
39;87;4;27;39087004_27_M;2013;11;;;;;;;;;;;;0.14;;;;;;0.14;;;;;;1.25;;;;;;0.6;
39;87;4;27;39087004_27_M;2013;12;;;;;;1.1;;;;;;2.71;;;;;;0.14;;;;;;0.14;;;;;;0.14;
39;16;3;27;39016003_27_M;2013;1;;;;;;;;;;0.49;;;;;;0.14;;;;;;0.14;;;;;;0.33;;;
39;16;3;27;39016003_27_M;2013;2;;;0.14;;;;;;0.29;;;;;;1.08;;;;;;0.14;;;;;;0.54;;;;
39;16;3;27;39016003_27_M;2013;3;;;;;0.14;;;;;;0.14;;;;;;0.14;;;;;;0.14;;;;;;0.14;;
39;16;3;27;39016003_27_M;2013;4;;;;0.14;;;;;;0.34;;;;;;0.14;;;;;;;;;;;;0.14;;;
39;16;3;27;39016003_27_M;2013;5;;;;0.14;;;;;;0.14;;;;;;0.14;;;;;;0.14;;;;;;0.14;;;
39;16;3;27;39016003_27_M;2013;6;;;0.27;;;;;;0.14;;;;;;0.14;;;;;;0.14;;;;;;0.14;;;;
39;16;3;27;39016003_27_M;2013;7;;;0.14;;;;;;0.14;;;;;;0.14;;;;;;0.14;;;;;;0.14;;;;
39;16;3;27;39016003_27_M;2013;8;;0.14;;;;;;0.14;;;;;;0.14;;;;;;0.14;;;;;;0.14;;;;;
39;16;3;27;39016003_27_M;2013;9;0.14;;;;;;0.14;;;;;;0.14;;;;;;0.14;;;;;;0.14;;;;;;
39;16;3;27;39016003_27_M;2013;10;0.14;;;;;;0.36;;;;;;0.38;;;;;;0.14;;;;;;0.14;;;;;;4.74
39;16;3;27;39016003_27_M;2013;11;;;;;;0.14;;;;;;0.14;;;;;;0.14;;;;;;0.36;;;;;;0.14;
39;16;3;27;39016003_27_M;2013;12;;;;;;0.14;;;;;;4.16;;;;;;0.14;;;;;;0.14;;;;;;0.14;
6;83;1;27;06083001_27_M;2013;1;;;;;;;;;;;;0.08;;;;;;;;;;;0.18;;;;;;;;
6;83;1;27;06083001_27_M;2013;2;;;;;;;;;;;;0.17;;;;;;;;;;0.02;;;;;;;;;
6;83;1;27;06083001_27_M;2013;3;;;;;;;;;;;;;0.06;;;;;;;;;;;0.02;;;;;;;
6;83;1;27;06083001_27_M;2013;4;;;;;;;;;;;;;0.0;;;;;;;;;;0.0;;;;;;;;
6;83;1;27;06083001_27_M;2013;5;;;;;;;;;;;;0.0;;;;;;;;;;;0.01;;;;;;;;
6;83;1;27;06083001_27_M;2013;6;;;;;;;;;;;;0.01;;;;;;;;;;0.01;;;;;;;;;
6;83;1;27;06083001_27_M;2013;7;;;;;;;;;;;;0.0;;;;;;;;;;;0.01;;;;;;;;
6;83;1;27;06083001_27_M;2013;8;;;;;;;;;;;0.0;;;;;;;;;;0.06;;;;;;;;;;
6;83;1;27;06083001_27_M;2013;9;;;;;;;;;;;;;;0.0;;;;;;;;;;0.01;;;;;;;
6;83;1;27;06083001_27_M;2013;10;;;;;;;;;;;;;;0.71;;;;;;;;;;0.01;;;;;;;
6;83;1;27;06083001_27_M;2013;11;;;;;;;;;;;;;;;;;;;;;;;0.53;;;;;;;;
6;83;1;27;06083001_27_M;2013;12;;;;;;;;;;;;;0.5;;;;;;;;;;0.28;;;;;;;;
33;36;999;27;33036999_27_M;2013;11;;;;;;0.02;;;;;;;;0.02;;;;;;;;0.02;;;;;;;;0.02;
33;36;999;27;33036999_27_M;2013;9;0.2;0.14;;;;;;;;0.02;;;;;;;;0.02;;;;;;;;0.02;;;;;
33;36;999;27;33036999_27_M;2013;10;;;;0.1;;;;;;;;0.02;;;;;;;;0.02;0.02;;;;;;;;0.02;;
33;36;999;27;33036999_27_M;2013;12;;;;;;;;0.02;0.02;;;;;;;;0.02;;;;;;;;0.02;;;;;;
28;79;8;27;28079008_27_M;2013;8;0.07;;;;;;;;0.01;;;;;;;;0.01;;;;;;;;0.03;;;;;;
28;79;8;27;28079008_27_M;2013;9;;0.01;;;;;;;;0.03;;;;;;;;0.03;;;;;;;;0.1;;;;;
28;79;8;27;28079008_27_M;2013;10;;;;0.1;;;;;;;0.08;;;;;;;;0.15;;;;;;;;0.08;;;;
28;79;8;27;28079008_27_M;2013;11;;;;0.17;;;;;;;;0.67;;;;;;;;1.57;;;;;;;;0.44;;;
28;79;8;27;28079008_27_M;2013;12;0.39;;;;;1.25;;;;;;;;;;0.59;;;;;;;0.96;;;;;;;;
28;79;8;27;28079008_27_M;2013;1;;;0.56;;;;;;;;0.49;;;;;;;;0.08;;;;;;;;;;;;
28;79;8;27;28079008_27_M;2013;2;;;0.09;;;;0.09;;;;;;0.15;;;;;;;;0.12;;;;;;;;;;
28;79;8;27;28079008_27_M;2013;3;0.17;;;;;;;;0.11;;;;;;0.09;;;;;;;;0.16;;;;;;;;
28;79;8;27;28079008_27_M;2013;4;0.03;;;;;;;;0.04;;;;;;;;0.07;;;;;;;;0.07;;;;;;
28;79;8;27;28079008_27_M;2013;5;;;0.07;;;;;;;;0.06;;;;;;;;;0.14;;;;;;;;;0.06;;
28;79;8;27;28079008_27_M;2013;6;;;;;;0.03;;;;;;;0.07;;;;;;;;0.03;;;;;;;;0.01;;
28;79;8;27;28079008_27_M;2013;7;;;;;;;;0.07;;;;;;;;0.01;;;;;;;;0.01;;;;;;;
7;10;1;27;07010001_27_M;2013;2;;;;0.01;0.005;0.005;;;;;0.005;;0.005;0.018;;;;0.005;0.005;0.005;0.005;;;;;;;;;;
7;10;1;27;07010001_27_M;2013;7;0.005;0.005;0.005;0.005;;;;0.005;0.005;0.005;0.005;;;;0.005;0.005;;;;;;;;;;;;;;;
7;10;1;27;07010001_27_M;2013;10;;0.005;0.005;;;;0.005;0.005;0.005;0.005;;;;0.005;0.005;0.005;0.005;;;;;;;;;;;;;;
2;3;1;27;02003001_27_M;2013;7;;;;;;;;;;;;;;;;;;;;;;;0.14;;;;;;;0.14;
2;3;1;27;02003001_27_M;2013;8;;;;;;0.14;;;;;;;0.14;;;;;;;;;;0.14;;;;;;;;
13;71;15;27;13071015_27_M;2013;7;;;0.14;;;;;;0.14;;;;;;;;;;;;;;;0.14;;;;;;;
13;71;15;27;13071015_27_M;2013;6;;;;;;0.14;;;;0.14;;;;;;;;;0.14;;;;;;;;;;;;
13;71;15;27;13071015_27_M;2013;8;;;;;;;0.14;;;;;;;0.14;;;;;;;;;;;;;;;;;
13;71;15;27;13071015_27_M;2013;9;;;;;;;;;;0.14;;;;;;;;;0.14;;;;;;;;;;;0.14;
45;168;2;27;45168002_27_M;2013;6;;;;;;;;;;;;;;0.14;;;;;0.14;;;;;;;;;;;;
15;30;1;27;15030001_27_M;2013;11;0.99;3.09;0.09;2.08;0.05;;;;0.05;0.98;0.05;0.05;0.22;0.05;0.14;0.05;0.05;0.05;0.05;0.05;;0.4;;;;;;;;0.38;
15;30;1;27;15030001_27_M;2013;12;;0.09;0.33;0.05;1.34;0.2;0.6;1.32;;2.46;0.67;;;0.89;0.42;0.85;0.34;0.63;0.33;0.05;0.05;0.65;;1.68;;0.24;;;;;
15;30;1;27;15030001_27_M;2013;7;;;;;;;;;;;;;;;;;;0.09;;;1.46;;0.12;;;;;;;;
15;30;1;27;15030001_27_M;2013;8;;;;;;;;;;;;;;;;;;;;;;;;;;;;;;0.05;0.05
15;30;1;27;15030001_27_M;2013;9;;0.05;;;;0.24;0.05;;1.03;;0.05;;;;0.17;;;0.25;;0.05;;0.05;;;;0.94;;;;;
15;30;1;27;15030001_27_M;2013;10;;;;;;1.21;;;;;;;0.2;0.67;0.05;;0.87;1.03;;;;;2.53;;;;1.46;;0.71;0.92;
39;59;1;27;39059001_27_M;2013;1;;;;;;;;;;0.14;;;;;;;;;;;;;;;;;;;;;
39;59;1;27;39059001_27_M;2013;2;;;;;;;;;;;;;;;0.47;;;;;;;;;;;;;;;;
39;59;1;27;39059001_27_M;2013;3;;;;;;;;;;;;;;;;;;;;;;;0.14;;;;;;;;
39;59;1;27;39059001_27_M;2013;4;;;;;;;;;;0.14;;;;;;;;;;;;;;;;;;;;;
39;59;1;27;39059001_27_M;2013;5;;;;;;;;;;;;;;;;;;;;;;0.14;;;;;;;;;
39;59;1;27;39059001_27_M;2013;6;;;;;;;;;;;;;;;0.14;;;;;;;;;;;;;;;;
39;59;1;27;39059001_27_M;2013;7;;;;;;;;;;;;;;;;;;;;;0.14;;;;;;;;;;
39;59;1;27;39059001_27_M;2013;8;;;;;;;;;;;;;;;;;;;;0.14;;;;;;;;;;;
39;59;1;27;39059001_27_M;2013;9;0.14;;;;;;;;;;;;;;;;;;;;;;;;;;;;;;
39;59;1;27;39059001_27_M;2013;10;;;;;;;;;;;;;;;;;;;0.14;;;;;;;;;;;;
39;59;1;27;39059001_27_M;2013;11;;;;;;;;;;;;;;;;;;0.14;;;;;;;;;;;;;
39;59;1;27;39059001_27_M;2013;12;;;;;;;;;;;;;;;;;;;;;;;;0.14;;;;;;;
39;20;1;27;39020001_27_M;2013;1;;;;;;;;;;0.14;;;;;;;;;;;;;;;;;;;;;
39;20;1;27;39020001_27_M;2013;2;;;;;;;;;;;;;;;0.14;;;;;;;;;;;;;;;;
39;20;1;27;39020001_27_M;2013;3;;;;;;;;;;;;;;;;;;;;;;;0.14;;;;;;;;
39;20;1;27;39020001_27_M;2013;4;;;;;;;;;;0.14;;;;;;;;;;;;;;;;;;;;;
39;20;1;27;39020001_27_M;2013;5;;;;;;;;;;;;;;;;;;;;;;0.14;;;;;;;;;
39;20;1;27;39020001_27_M;2013;6;;;;;;;;;;;;;;;0.14;;;;;;;;;;;;;;;;
39;20;1;27;39020001_27_M;2013;7;;;;;;;;;;;;;;;;;;;;;0.14;;;;;;;;;;
39;20;1;27;39020001_27_M;2013;8;;;;;;;;;;;;;;;;;;;;0.14;;;;;;;;;;;
39;20;1;27;39020001_27_M;2013;9;0.14;;;;;;;;;;;;;;;;;;;;;;;;;;;;;;
39;20;1;27;39020001_27_M;2013;10;;;;;;;;;;;;;;;;;;;0.14;;;;;;;;;;;;
39;20;1;27;39020001_27_M;2013;11;;;;;;;;;;;;;;;;;;0.14;;;;;;;;;;;;;
39;20;1;27;39020001_27_M;2013;12;;;;;;;;;;;;;;;;;;;;;;;;0.14;;;;;;;
